image_id,true_label,pred_label
0,7,0
1,2,8
2,1,0
3,0,0
4,4,0
5,1,0
6,4,0
7,9,0
8,5,0
9,9,0
10,0,0
11,6,9
12,9,0
13,0,0
14,1,0
15,5,0
16,9,0
17,7,0
18,3,0
19,4,0
20,9,0
21,6,0
22,6,8
23,5,0
24,4,0
25,0,0
26,7,0
27,4,0
28,0,0
29,1,0
30,3,0
31,1,0
32,3,0
33,4,0
34,7,0
35,2,0
36,7,0
37,1,0
38,2,0
39,1,0
40,1,0
41,7,0
42,4,0
43,2,0
44,3,0
45,5,0
46,1,9
47,2,7
48,4,0
49,4,0
50,6,0
51,3,0
52,5,0
53,5,0
54,6,8
55,0,0
56,4,0
57,1,0
58,9,0
59,5,0
60,7,0
61,8,0
62,9,0
63,3,9
64,7,0
65,4,0
66,6,9
67,4,0
68,3,0
69,0,0
70,7,0
71,0,0
72,2,0
73,9,0
74,1,0
75,7,0
76,3,0
77,2,0
78,9,0
79,7,0
80,7,0
81,6,0
82,2,0
83,7,0
84,8,0
85,4,0
86,7,0
87,3,0
88,6,9
89,1,0
90,3,0
91,6,0
92,9,0
93,3,0
94,1,0
95,4,0
96,1,0
97,7,0
98,6,0
99,9,0
100,6,9
101,0,0
102,5,0
103,4,0
104,9,0
105,9,0
106,2,0
107,1,0
108,9,0
109,4,0
110,8,0
111,7,0
112,3,0
113,9,0
114,7,0
115,4,0
116,4,0
117,4,0
118,9,0
119,2,0
120,5,0
121,4,0
122,7,0
123,6,0
124,7,0
125,9,0
126,0,0
127,5,0
128,8,0
129,5,0
130,6,0
131,6,0
132,5,0
133,7,0
134,8,0
135,1,0
136,0,0
137,1,0
138,6,9
139,4,0
140,6,0
141,7,0
142,3,0
143,1,0
144,7,0
145,1,0
146,8,0
147,2,0
148,0,0
149,2,0
150,9,0
151,9,0
152,5,0
153,5,0
154,1,0
155,5,0
156,6,8
157,0,0
158,3,0
159,4,0
160,4,9
161,6,0
162,5,0
163,4,0
164,6,8
165,5,0
166,4,0
167,5,0
168,1,0
169,4,0
170,4,0
171,7,0
172,2,0
173,3,0
174,2,0
175,7,0
176,1,0
177,8,0
178,1,0
179,8,0
180,1,0
181,8,0
182,5,0
183,0,0
184,8,0
185,9,0
186,2,0
187,5,0
188,0,0
189,1,0
190,1,0
191,1,0
192,0,0
193,9,0
194,0,0
195,3,0
196,1,0
197,6,0
198,4,0
199,2,0
200,3,0
201,6,9
202,1,0
203,1,0
204,1,0
205,3,0
206,9,0
207,5,0
208,2,0
209,9,0
210,4,0
211,5,0
212,9,0
213,3,0
214,9,0
215,0,0
216,3,0
217,6,0
218,5,0
219,5,0
220,7,0
221,2,0
222,2,0
223,7,0
224,1,0
225,2,0
226,8,0
227,4,0
228,1,0
229,7,0
230,3,0
231,3,0
232,8,0
233,8,0
234,7,0
235,9,0
236,2,6
237,2,9
238,4,0
239,1,0
240,5,0
241,9,0
242,8,0
243,7,0
244,2,9
245,3,0
246,0,0
247,4,0
248,4,0
249,2,0
250,4,0
251,1,0
252,9,0
253,5,0
254,7,0
255,7,0
256,2,0
257,8,0
258,2,8
259,6,9
260,8,0
261,5,0
262,7,0
263,7,0
264,9,0
265,1,0
266,8,0
267,1,0
268,8,0
269,0,0
270,3,0
271,0,0
272,1,0
273,9,0
274,9,0
275,4,0
276,1,0
277,8,0
278,2,0
279,1,0
280,2,0
281,9,0
282,7,0
283,5,0
284,9,0
285,2,6
286,6,0
287,4,0
288,1,0
289,5,0
290,8,0
291,2,0
292,9,0
293,2,0
294,0,0
295,4,0
296,0,0
297,0,0
298,2,0
299,8,0
300,4,0
301,7,0
302,1,0
303,2,0
304,4,0
305,0,0
306,2,0
307,7,0
308,4,0
309,3,0
310,3,0
311,0,9
312,0,0
313,3,0
314,1,0
315,9,0
316,6,0
317,5,0
318,2,0
319,5,0
320,9,0
321,2,0
322,9,0
323,3,9
324,0,0
325,4,0
326,2,0
327,0,0
328,7,0
329,1,0
330,1,0
331,2,5
332,1,0
333,5,0
334,3,0
335,3,0
336,9,0
337,7,0
338,8,0
339,6,0
340,5,0
341,6,7
342,1,0
343,3,0
344,8,0
345,1,0
346,0,0
347,5,0
348,1,0
349,3,0
350,1,0
351,5,0
352,5,0
353,6,0
354,1,0
355,8,0
356,5,0
357,1,0
358,7,0
359,9,0
360,4,0
361,6,9
362,2,0
363,2,7
364,5,0
365,0,0
366,6,9
367,5,0
368,6,0
369,3,0
370,7,0
371,2,5
372,0,0
373,8,0
374,8,0
375,5,0
376,4,0
377,1,0
378,1,0
379,4,0
380,0,0
381,3,0
382,3,0
383,7,0
384,6,0
385,1,0
386,6,0
387,2,0
388,1,0
389,9,0
390,2,0
391,8,0
392,6,0
393,1,0
394,9,0
395,5,0
396,2,9
397,5,0
398,4,0
399,4,0
400,2,0
401,8,0
402,3,0
403,8,0
404,2,0
405,4,0
406,5,0
407,0,0
408,3,0
409,1,0
410,7,0
411,7,0
412,5,0
413,7,0
414,9,0
415,7,0
416,1,0
417,9,0
418,2,0
419,1,0
420,4,0
421,2,0
422,9,0
423,2,6
424,0,0
425,4,0
426,9,0
427,1,0
428,4,0
429,8,0
430,1,0
431,8,0
432,4,0
433,5,0
434,9,0
435,8,0
436,8,0
437,3,0
438,7,0
439,6,0
440,0,0
441,0,0
442,3,0
443,0,0
444,2,0
445,6,0
446,6,0
447,4,0
448,9,0
449,3,0
450,3,0
451,3,0
452,2,0
453,3,0
454,9,0
455,1,0
456,2,0
457,6,0
458,8,0
459,0,0
460,5,0
461,6,7
462,6,9
463,6,0
464,3,0
465,8,0
466,8,0
467,2,0
468,7,0
469,5,0
470,8,0
471,9,0
472,6,9
473,1,0
474,8,0
475,4,0
476,1,0
477,2,0
478,5,0
479,9,0
480,1,0
481,9,0
482,7,0
483,5,0
484,4,0
485,0,0
486,8,0
487,9,0
488,9,0
489,1,0
490,0,0
491,5,0
492,2,0
493,3,0
494,7,0
495,8,0
496,9,0
497,4,0
498,0,0
499,6,0
500,3,0
501,9,0
502,5,0
503,2,9
504,1,0
505,3,0
506,1,0
507,3,0
508,6,0
509,5,0
510,7,0
511,4,0
512,2,9
513,2,7
514,6,8
515,3,0
516,2,0
517,6,0
518,5,0
519,4,0
520,8,0
521,9,0
522,7,0
523,1,0
524,3,0
525,0,0
526,3,0
527,8,0
528,3,0
529,1,0
530,9,0
531,3,6
532,4,0
533,4,0
534,6,0
535,4,0
536,2,4
537,1,0
538,8,0
539,2,0
540,5,0
541,4,0
542,8,0
543,8,0
544,4,0
545,0,0
546,0,0
547,2,0
548,3,9
549,2,0
550,7,0
551,7,0
552,0,0
553,8,0
554,7,0
555,4,0
556,4,0
557,7,0
558,9,0
559,6,8
560,9,0
561,0,0
562,9,0
563,8,0
564,0,0
565,4,0
566,6,0
567,0,0
568,6,0
569,3,0
570,5,0
571,4,0
572,8,0
573,3,7
574,3,0
575,9,0
576,3,0
577,3,0
578,3,0
579,7,0
580,8,0
581,0,8
582,8,0
583,2,0
584,1,0
585,7,0
586,0,0
587,6,8
588,5,0
589,4,0
590,3,0
591,8,0
592,0,0
593,9,0
594,6,0
595,3,0
596,8,0
597,0,0
598,9,0
599,9,0
600,6,0
601,8,0
602,6,9
603,8,0
604,5,0
605,7,0
606,8,0
607,6,9
608,0,0
609,2,0
610,4,0
611,0,8
612,2,6
613,2,0
614,3,0
615,1,0
616,9,0
617,7,0
618,5,0
619,1,8
620,0,0
621,8,0
622,4,0
623,6,0
624,2,0
625,6,0
626,7,0
627,9,0
628,3,0
629,2,0
630,9,0
631,8,0
632,2,9
633,2,0
634,9,0
635,2,0
636,7,0
637,3,0
638,5,0
639,9,0
640,1,0
641,8,0
642,0,0
643,2,0
644,0,0
645,5,0
646,2,0
647,1,0
648,3,0
649,7,0
650,6,0
651,7,0
652,1,0
653,2,5
654,5,0
655,8,0
656,0,0
657,3,0
658,7,0
659,2,0
660,4,0
661,0,0
662,9,0
663,1,0
664,8,0
665,6,7
666,7,0
667,7,0
668,4,0
669,3,0
670,4,0
671,9,0
672,1,0
673,9,0
674,5,0
675,1,0
676,7,0
677,3,0
678,9,0
679,7,0
680,6,9
681,9,0
682,1,0
683,3,0
684,7,0
685,8,0
686,3,0
687,3,0
688,6,0
689,7,0
690,2,0
691,8,0
692,5,0
693,8,0
694,5,0
695,1,0
696,1,0
697,4,0
698,4,0
699,3,0
700,1,0
701,0,0
702,7,0
703,7,0
704,0,0
705,7,0
706,9,0
707,4,0
708,4,0
709,8,0
710,5,0
711,5,0
712,4,0
713,0,0
714,8,0
715,2,0
716,1,0
717,0,0
718,8,0
719,4,0
720,5,7
721,0,0
722,4,0
723,0,0
724,6,0
725,1,0
726,7,0
727,3,0
728,2,0
729,6,0
730,7,0
731,2,0
732,6,9
733,9,0
734,3,9
735,1,0
736,4,0
737,6,9
738,2,0
739,5,0
740,4,0
741,2,0
742,0,0
743,6,0
744,2,9
745,1,0
746,7,0
747,3,0
748,4,0
749,1,0
750,0,0
751,5,0
752,4,0
753,3,0
754,1,0
755,1,0
756,7,0
757,4,0
758,9,0
759,9,0
760,4,0
761,8,0
762,4,0
763,0,0
764,2,0
765,4,0
766,5,0
767,1,0
768,1,0
769,6,0
770,4,0
771,7,0
772,1,0
773,9,0
774,4,0
775,2,9
776,4,0
777,1,0
778,5,0
779,5,0
780,3,3
781,8,0
782,3,0
783,1,0
784,4,6
785,5,0
786,6,0
787,8,0
788,9,0
789,4,0
790,1,0
791,5,0
792,3,0
793,8,0
794,0,0
795,3,9
796,2,9
797,5,0
798,1,9
799,2,5
800,8,0
801,3,0
802,4,0
803,4,0
804,0,0
805,8,0
806,8,0
807,3,0
808,3,0
809,1,0
810,7,0
811,3,0
812,5,0
813,9,0
814,6,0
815,3,0
816,2,0
817,6,9
818,1,0
819,3,7
820,6,0
821,0,0
822,7,0
823,2,0
824,1,0
825,7,0
826,1,0
827,4,0
828,2,0
829,4,0
830,2,0
831,1,0
832,7,0
833,9,0
834,6,0
835,1,0
836,1,0
837,2,0
838,4,0
839,8,0
840,1,0
841,7,0
842,7,0
843,4,0
844,8,0
845,0,0
846,7,0
847,3,0
848,1,0
849,3,0
850,1,0
851,0,0
852,7,0
853,7,0
854,0,0
855,3,0
856,5,0
857,5,0
858,2,0
859,7,0
860,6,0
861,6,0
862,9,0
863,2,0
864,8,0
865,3,8
866,5,0
867,2,0
868,2,0
869,5,0
870,6,0
871,0,0
872,8,0
873,2,0
874,9,0
875,2,0
876,8,0
877,8,0
878,8,0
879,8,0
880,7,0
881,4,0
882,9,0
883,3,8
884,0,0
885,6,0
886,6,0
887,3,0
888,2,0
889,1,0
890,3,0
891,2,0
892,2,0
893,9,0
894,3,0
895,0,0
896,0,0
897,5,0
898,7,0
899,8,0
900,1,0
901,4,0
902,4,0
903,6,0
904,0,0
905,2,0
906,9,0
907,1,0
908,4,0
909,7,0
910,4,0
911,7,0
912,3,0
913,9,0
914,8,0
915,8,0
916,4,0
917,7,0
918,1,0
919,2,0
920,1,0
921,2,7
922,2,0
923,3,0
924,2,0
925,3,0
926,2,0
927,3,0
928,9,0
929,1,0
930,7,0
931,4,0
932,0,0
933,3,0
934,5,0
935,5,0
936,8,0
937,6,6
938,3,0
939,2,0
940,6,0
941,7,0
942,6,0
943,6,0
944,3,0
945,2,0
946,7,0
947,8,0
948,1,0
949,1,0
950,7,0
951,5,0
952,6,8
953,4,0
954,9,0
955,5,0
956,1,9
957,3,0
958,3,0
959,4,0
960,7,0
961,8,0
962,9,0
963,1,0
964,1,0
965,6,0
966,9,0
967,1,0
968,4,0
969,4,0
970,5,0
971,4,0
972,0,0
973,6,9
974,2,0
975,2,0
976,3,0
977,1,0
978,5,0
979,1,0
980,2,6
981,0,0
982,3,0
983,8,0
984,1,0
985,2,0
986,6,0
987,7,0
988,1,0
989,6,0
990,2,0
991,3,0
992,9,0
993,0,0
994,1,9
995,2,9
996,2,9
997,0,0
998,8,0
999,9,0
1000,9,0
1001,0,0
1002,2,0
1003,5,0
1004,1,0
1005,9,0
1006,7,0
1007,8,0
1008,1,0
1009,0,0
1010,4,0
1011,1,0
1012,7,0
1013,9,0
1014,6,0
1015,4,0
1016,2,0
1017,6,7
1018,8,0
1019,1,0
1020,3,0
1021,7,0
1022,5,0
1023,4,0
1024,4,0
1025,1,0
1026,8,0
1027,1,0
1028,3,0
1029,8,0
1030,1,0
1031,2,0
1032,5,0
1033,8,0
1034,0,0
1035,6,9
1036,2,0
1037,1,0
1038,1,0
1039,7,0
1040,1,0
1041,5,0
1042,3,0
1043,4,0
1044,6,0
1045,9,0
1046,5,0
1047,0,0
1048,9,0
1049,2,7
1050,2,0
1051,4,0
1052,8,0
1053,2,0
1054,1,0
1055,7,0
1056,2,5
1057,4,0
1058,9,0
1059,4,0
1060,4,0
1061,0,0
1062,3,0
1063,9,0
1064,2,0
1065,2,0
1066,3,0
1067,3,0
1068,8,0
1069,3,0
1070,5,0
1071,7,0
1072,3,0
1073,5,0
1074,8,0
1075,1,0
1076,2,0
1077,4,0
1078,4,0
1079,6,0
1080,4,0
1081,9,0
1082,5,0
1083,1,0
1084,0,0
1085,6,0
1086,9,0
1087,5,0
1088,9,0
1089,5,0
1090,9,0
1091,7,0
1092,3,0
1093,8,0
1094,0,0
1095,3,7
1096,7,0
1097,1,0
1098,3,0
1099,6,0
1100,7,0
1101,8,0
1102,5,0
1103,9,0
1104,7,0
1105,9,0
1106,6,8
1107,9,0
1108,6,0
1109,3,0
1110,7,0
1111,4,0
1112,4,0
1113,5,0
1114,3,0
1115,5,0
1116,4,0
1117,7,0
1118,8,0
1119,7,0
1120,8,0
1121,0,0
1122,7,0
1123,6,9
1124,8,0
1125,8,0
1126,7,0
1127,3,0
1128,3,0
1129,1,0
1130,9,0
1131,5,0
1132,2,0
1133,7,0
1134,3,0
1135,5,0
1136,1,0
1137,1,0
1138,2,7
1139,1,0
1140,4,0
1141,7,0
1142,4,0
1143,7,0
1144,5,0
1145,4,0
1146,5,0
1147,4,0
1148,0,0
1149,8,0
1150,3,0
1151,6,0
1152,9,0
1153,6,0
1154,0,0
1155,2,0
1156,7,0
1157,4,0
1158,4,0
1159,4,0
1160,4,0
1161,6,0
1162,6,8
1163,4,0
1164,7,0
1165,9,0
1166,3,0
1167,4,0
1168,5,0
1169,5,0
1170,8,0
1171,7,0
1172,3,0
1173,7,0
1174,2,9
1175,7,0
1176,0,0
1177,2,0
1178,4,0
1179,1,0
1180,1,0
1181,6,0
1182,6,0
1183,9,0
1184,2,0
1185,8,0
1186,7,0
1187,2,0
1188,0,0
1189,1,0
1190,5,0
1191,0,0
1192,9,0
1193,1,0
1194,7,0
1195,0,0
1196,6,0
1197,0,0
1198,8,0
1199,6,0
1200,8,0
1201,1,0
1202,8,0
1203,0,0
1204,3,0
1205,3,9
1206,7,0
1207,2,0
1208,3,0
1209,6,0
1210,2,6
1211,1,0
1212,6,0
1213,1,0
1214,1,0
1215,3,0
1216,7,0
1217,9,0
1218,0,0
1219,8,0
1220,0,0
1221,5,0
1222,4,0
1223,0,0
1224,2,0
1225,8,0
1226,7,7
1227,2,0
1228,9,0
1229,8,0
1230,4,0
1231,0,0
1232,9,0
1233,5,0
1234,8,0
1235,5,0
1236,1,0
1237,2,0
1238,1,0
1239,3,0
1240,1,0
1241,7,0
1242,4,0
1243,5,0
1244,7,0
1245,2,9
1246,0,0
1247,9,0
1248,8,0
1249,8,0
1250,6,0
1251,2,0
1252,5,0
1253,4,0
1254,1,0
1255,9,0
1256,2,0
1257,1,0
1258,5,0
1259,8,0
1260,7,0
1261,0,0
1262,2,9
1263,4,0
1264,4,0
1265,3,0
1266,6,9
1267,8,0
1268,8,0
1269,2,0
1270,4,0
1271,0,9
1272,5,0
1273,0,0
1274,4,0
1275,4,0
1276,7,0
1277,9,0
1278,3,0
1279,4,0
1280,1,0
1281,5,0
1282,9,0
1283,7,0
1284,3,0
1285,5,0
1286,8,0
1287,8,0
1288,0,0
1289,5,0
1290,3,0
1291,3,0
1292,6,0
1293,6,7
1294,0,0
1295,1,0
1296,6,0
1297,0,0
1298,3,0
1299,5,0
1300,4,0
1301,4,0
1302,1,0
1303,2,0
1304,9,0
1305,1,0
1306,4,0
1307,6,9
1308,9,0
1309,9,0
1310,3,0
1311,9,0
1312,8,0
1313,4,0
1314,4,0
1315,3,0
1316,1,0
1317,3,0
1318,1,0
1319,8,0
1320,8,0
1321,7,0
1322,9,0
1323,4,0
1324,8,0
1325,8,0
1326,7,0
1327,9,0
1328,7,0
1329,1,0
1330,4,0
1331,5,0
1332,6,8
1333,0,0
1334,5,0
1335,2,0
1336,2,0
1337,2,7
1338,1,0
1339,5,0
1340,5,0
1341,2,9
1342,4,0
1343,9,0
1344,6,0
1345,2,0
1346,7,0
1347,7,0
1348,2,0
1349,2,0
1350,1,0
1351,1,0
1352,2,8
1353,8,0
1354,3,0
1355,7,0
1356,2,0
1357,4,0
1358,1,0
1359,7,0
1360,1,0
1361,7,0
1362,6,5
1363,7,0
1364,8,8
1365,2,0
1366,7,0
1367,3,0
1368,1,0
1369,7,0
1370,5,0
1371,8,0
1372,2,0
1373,6,0
1374,2,0
1375,2,0
1376,5,0
1377,6,0
1378,5,0
1379,0,0
1380,9,0
1381,2,0
1382,4,0
1383,3,9
1384,3,0
1385,9,0
1386,7,0
1387,6,0
1388,6,0
1389,8,0
1390,0,0
1391,4,0
1392,1,0
1393,5,4
1394,8,0
1395,2,0
1396,9,0
1397,1,0
1398,8,0
1399,0,0
1400,6,0
1401,7,0
1402,2,0
1403,1,0
1404,0,0
1405,5,0
1406,5,0
1407,2,8
1408,0,0
1409,2,8
1410,2,9
1411,0,0
1412,2,0
1413,4,0
1414,9,0
1415,8,0
1416,0,0
1417,9,0
1418,9,0
1419,4,0
1420,6,0
1421,5,0
1422,4,0
1423,9,0
1424,1,0
1425,8,0
1426,3,0
1427,4,0
1428,9,0
1429,9,0
1430,1,0
1431,2,0
1432,2,0
1433,8,0
1434,1,0
1435,9,0
1436,6,0
1437,4,0
1438,0,0
1439,9,0
1440,4,0
1441,8,0
1442,3,0
1443,8,0
1444,6,6
1445,0,0
1446,2,0
1447,5,0
1448,1,0
1449,9,0
1450,6,9
1451,2,9
1452,9,0
1453,4,0
1454,0,0
1455,9,0
1456,6,9
1457,0,0
1458,6,0
1459,2,5
1460,5,0
1461,4,0
1462,2,0
1463,3,0
1464,8,0
1465,4,0
1466,5,0
1467,5,0
1468,0,0
1469,3,9
1470,8,0
1471,5,0
1472,3,0
1473,5,0
1474,8,0
1475,6,0
1476,5,0
1477,7,0
1478,6,0
1479,3,0
1480,3,0
1481,9,0
1482,6,0
1483,1,0
1484,1,0
1485,2,0
1486,9,0
1487,0,0
1488,4,0
1489,3,0
1490,3,0
1491,6,9
1492,9,0
1493,5,0
1494,7,0
1495,3,9
1496,7,0
1497,7,0
1498,7,0
1499,8,0
1500,7,0
1501,9,0
1502,8,0
1503,3,0
1504,0,0
1505,7,0
1506,2,0
1507,7,0
1508,9,0
1509,4,0
1510,5,0
1511,4,0
1512,9,0
1513,3,0
1514,2,0
1515,1,0
1516,4,0
1517,0,0
1518,2,0
1519,3,0
1520,7,0
1521,5,0
1522,7,0
1523,8,0
1524,8,0
1525,5,0
1526,0,0
1527,1,9
1528,1,0
1529,4,9
1530,8,0
1531,3,0
1532,9,0
1533,0,0
1534,0,0
1535,0,0
1536,6,8
1537,6,0
1538,2,0
1539,3,0
1540,7,0
1541,8,0
1542,4,0
1543,7,0
1544,7,0
1545,9,0
1546,2,9
1547,4,0
1548,1,0
1549,4,0
1550,5,0
1551,2,0
1552,4,0
1553,9,0
1554,9,0
1555,1,0
1556,8,0
1557,4,0
1558,0,0
1559,9,0
1560,8,0
1561,4,0
1562,8,0
1563,7,0
1564,7,0
1565,0,0
1566,7,0
1567,8,0
1568,8,0
1569,6,0
1570,0,0
1571,4,0
1572,8,0
1573,8,0
1574,2,9
1575,4,0
1576,7,0
1577,6,9
1578,6,0
1579,6,0
1580,4,0
1581,7,0
1582,1,0
1583,8,0
1584,8,0
1585,2,9
1586,3,0
1587,6,0
1588,3,0
1589,0,0
1590,0,0
1591,3,0
1592,7,0
1593,6,0
1594,9,0
1595,7,0
1596,9,0
1597,9,0
1598,5,0
1599,4,0
1600,3,0
1601,3,0
1602,6,0
1603,1,0
1604,2,8
1605,3,0
1606,7,0
1607,3,0
1608,3,0
1609,2,0
1610,0,0
1611,3,0
1612,3,0
1613,8,0
1614,4,0
1615,3,0
1616,6,0
1617,3,0
1618,5,0
1619,0,0
1620,2,8
1621,0,0
1622,9,0
1623,0,0
1624,7,0
1625,4,0
1626,6,0
1627,9,0
1628,3,0
1629,5,0
1630,1,0
1631,9,0
1632,6,0
1633,1,0
1634,4,0
1635,5,0
1636,4,0
1637,5,0
1638,0,0
1639,5,0
1640,9,0
1641,5,0
1642,2,0
1643,1,0
1644,2,0
1645,9,0
1646,1,0
1647,9,0
1648,9,0
1649,4,0
1650,0,0
1651,8,0
1652,4,0
1653,5,0
1654,2,0
1655,9,0
1656,2,0
1657,1,0
1658,2,0
1659,1,0
1660,7,0
1661,3,5
1662,6,0
1663,8,0
1664,8,0
1665,4,0
1666,9,0
1667,1,0
1668,9,0
1669,8,0
1670,5,0
1671,7,0
1672,5,0
1673,1,0
1674,1,0
1675,8,0
1676,6,0
1677,5,0
1678,2,0
1679,4,0
1680,4,0
1681,3,0
1682,2,9
1683,3,0
1684,5,0
1685,6,0
1686,8,0
1687,8,0
1688,6,0
1689,2,0
1690,3,0
1691,1,0
1692,0,0
1693,5,0
1694,8,9
1695,9,0
1696,2,0
1697,9,0
1698,6,7
1699,7,0
1700,0,0
1701,4,0
1702,8,0
1703,7,0
1704,1,0
1705,7,0
1706,4,0
1707,1,0
1708,0,0
1709,9,0
1710,7,0
1711,2,0
1712,0,0
1713,0,0
1714,9,0
1715,1,0
1716,7,0
1717,8,0
1718,7,0
1719,8,0
1720,4,0
1721,7,0
1722,2,0
1723,0,0
1724,4,0
1725,6,0
1726,0,0
1727,3,0
1728,1,0
1729,1,0
1730,3,0
1731,3,0
1732,9,0
1733,6,9
1734,7,0
1735,4,0
1736,1,0
1737,5,0
1738,3,7
1739,0,0
1740,8,0
1741,7,0
1742,3,0
1743,9,0
1744,6,9
1745,9,0
1746,3,7
1747,5,0
1748,0,0
1749,2,0
1750,7,0
1751,4,0
1752,5,0
1753,1,0
1754,7,0
1755,5,0
1756,8,0
1757,0,0
1758,8,0
1759,8,0
1760,1,0
1761,5,0
1762,0,0
1763,3,0
1764,0,0
1765,3,0
1766,1,0
1767,4,0
1768,0,0
1769,3,9
1770,7,0
1771,2,0
1772,7,0
1773,1,0
1774,8,0
1775,0,0
1776,7,0
1777,0,0
1778,4,0
1779,3,8
1780,1,0
1781,9,0
1782,8,0
1783,7,0
1784,7,0
1785,1,0
1786,4,0
1787,9,0
1788,9,0
1789,3,7
1790,2,0
1791,1,0
1792,7,0
1793,9,0
1794,0,0
1795,2,9
1796,0,0
1797,3,0
1798,3,0
1799,7,0
1800,6,0
1801,9,0
1802,2,0
1803,3,0
1804,3,0
1805,7,0
1806,7,0
1807,0,0
1808,0,0
1809,7,0
1810,5,0
1811,2,0
1812,9,0
1813,8,0
1814,7,0
1815,4,0
1816,4,0
1817,2,9
1818,6,0
1819,6,0
1820,1,0
1821,9,0
1822,6,9
1823,8,0
1824,2,0
1825,9,0
1826,0,0
1827,8,0
1828,3,0
1829,1,0
1830,1,0
1831,6,0
1832,3,0
1833,5,0
1834,1,0
1835,1,0
1836,1,0
1837,3,0
1838,1,0
1839,2,0
1840,3,0
1841,0,0
1842,2,0
1843,0,0
1844,1,0
1845,3,0
1846,5,0
1847,5,0
1848,7,0
1849,4,0
1850,8,0
1851,9,0
1852,6,0
1853,9,0
1854,6,9
1855,8,0
1856,3,0
1857,6,6
1858,6,0
1859,8,0
1860,5,0
1861,1,0
1862,4,0
1863,2,0
1864,4,0
1865,4,0
1866,5,0
1867,1,0
1868,1,0
1869,9,0
1870,0,0
1871,2,0
1872,4,0
1873,9,0
1874,5,0
1875,7,0
1876,1,0
1877,8,0
1878,8,0
1879,5,0
1880,6,7
1881,9,0
1882,8,0
1883,7,0
1884,1,0
1885,1,0
1886,6,0
1887,7,0
1888,6,0
1889,3,0
1890,2,6
1891,2,0
1892,0,0
1893,8,0
1894,9,0
1895,2,8
1896,5,0
1897,1,0
1898,0,0
1899,8,0
1900,1,0
1901,9,0
1902,5,0
1903,7,0
1904,9,0
1905,6,0
1906,9,0
1907,0,0
1908,6,0
1909,1,0
1910,5,0
1911,5,0
1912,8,0
1913,3,0
1914,8,0
1915,2,0
1916,6,0
1917,5,0
1918,0,0
1919,7,0
1920,4,0
1921,6,9
1922,1,0
1923,3,0
1924,4,0
1925,7,0
1926,3,0
1927,2,9
1928,3,0
1929,4,0
1930,2,0
1931,5,0
1932,2,0
1933,7,0
1934,1,0
1935,7,0
1936,2,8
1937,6,0
1938,4,8
1939,1,0
1940,5,0
1941,7,0
1942,8,0
1943,6,0
1944,0,0
1945,1,0
1946,8,0
1947,2,0
1948,5,0
1949,7,0
1950,7,0
1951,6,0
1952,9,0
1953,3,0
1954,5,0
1955,8,0
1956,4,0
1957,2,0
1958,4,0
1959,0,0
1960,8,0
1961,8,0
1962,3,0
1963,4,0
1964,9,0
1965,2,4
1966,7,0
1967,5,0
1968,8,0
1969,6,0
1970,5,0
1971,6,0
1972,0,0
1973,8,0
1974,6,0
1975,7,0
1976,3,0
1977,6,7
1978,4,0
1979,9,0
1980,4,0
1981,6,0
1982,6,0
1983,3,0
1984,2,0
1985,4,0
1986,1,0
1987,0,0
1988,1,0
1989,4,0
1990,6,0
1991,2,0
1992,9,0
1993,1,0
1994,1,0
1995,0,0
1996,6,0
1997,3,0
1998,9,0
1999,5,0
2000,6,0
2001,5,0
2002,6,0
2003,5,0
2004,8,0
2005,4,0
2006,6,9
2007,4,0
2008,3,0
2009,9,0
2010,1,0
2011,3,0
2012,4,0
2013,1,0
2014,9,0
2015,1,0
2016,7,0
2017,1,0
2018,1,0
2019,9,0
2020,3,0
2021,5,0
2022,4,0
2023,0,0
2024,7,0
2025,3,0
2026,6,0
2027,1,0
2028,7,0
2029,5,0
2030,5,0
2031,3,0
2032,3,0
2033,0,0
2034,1,0
2035,5,0
2036,7,0
2037,5,0
2038,8,0
2039,6,9
2040,5,0
2041,1,0
2042,0,0
2043,4,0
2044,2,0
2045,3,0
2046,4,0
2047,6,0
2048,7,0
2049,9,0
2050,8,0
2051,1,0
2052,8,0
2053,4,0
2054,9,0
2055,2,0
2056,8,0
2057,6,6
2058,2,0
2059,7,0
2060,0,0
2061,0,0
2062,6,8
2063,7,0
2064,5,0
2065,8,0
2066,6,0
2067,0,0
2068,9,0
2069,3,0
2070,7,0
2071,1,0
2072,3,0
2073,5,0
2074,4,0
2075,3,0
2076,3,0
2077,5,0
2078,5,0
2079,6,0
2080,3,0
2081,0,0
2082,2,0
2083,3,0
2084,4,0
2085,2,0
2086,3,0
2087,0,0
2088,9,0
2089,9,0
2090,4,0
2091,7,0
2092,2,8
2093,8,0
2094,4,0
2095,7,0
2096,0,0
2097,6,0
2098,2,0
2099,8,0
2100,5,0
2101,2,0
2102,8,0
2103,5,0
2104,7,0
2105,3,0
2106,0,0
2107,8,0
2108,2,7
2109,3,0
2110,2,0
2111,8,0
2112,2,0
2113,5,0
2114,5,0
2115,7,0
2116,6,0
2117,4,0
2118,6,0
2119,8,0
2120,4,0
2121,8,0
2122,2,0
2123,7,0
2124,4,0
2125,5,0
2126,2,0
2127,0,0
2128,3,0
2129,9,0
2130,4,0
2131,6,9
2132,7,0
2133,2,0
2134,5,0
2135,6,0
2136,1,0
2137,1,0
2138,2,0
2139,3,0
2140,6,5
2141,7,0
2142,8,0
2143,7,0
2144,6,8
2145,4,0
2146,8,0
2147,9,0
2148,4,0
2149,8,0
2150,6,0
2151,3,0
2152,8,0
2153,3,0
2154,1,0
2155,0,0
2156,6,0
2157,2,0
2158,2,0
2159,5,0
2160,6,0
2161,9,0
2162,5,0
2163,8,0
2164,1,0
2165,4,0
2166,1,0
2167,7,0
2168,8,0
2169,4,0
2170,6,7
2171,1,0
2172,8,0
2173,4,0
2174,3,0
2175,1,0
2176,2,0
2177,8,0
2178,0,0
2179,8,0
2180,5,0
2181,9,0
2182,1,0
2183,4,9
2184,2,9
2185,0,0
2186,2,0
2187,7,0
2188,0,0
2189,9,0
2190,0,0
2191,2,8
2192,5,0
2193,7,0
2194,6,0
2195,7,0
2196,9,0
2197,4,0
2198,2,0
2199,6,0
2200,2,0
2201,4,0
2202,4,0
2203,8,0
2204,0,0
2205,4,0
2206,4,0
2207,5,0
2208,8,0
2209,0,0
2210,6,0
2211,8,0
2212,9,0
2213,8,0
2214,5,0
2215,6,0
2216,9,0
2217,0,0
2218,4,0
2219,8,0
2220,7,0
2221,1,0
2222,3,0
2223,4,0
2224,5,0
2225,8,0
2226,0,0
2227,9,0
2228,1,0
2229,3,0
2230,3,0
2231,6,0
2232,9,0
2233,8,0
2234,7,0
2235,1,0
2236,0,0
2237,5,0
2238,7,0
2239,1,0
2240,7,0
2241,5,0
2242,2,0
2243,7,0
2244,9,0
2245,1,0
2246,8,0
2247,5,0
2248,2,7
2249,4,0
2250,9,0
2251,4,0
2252,7,0
2253,2,0
2254,2,0
2255,3,0
2256,4,0
2257,9,0
2258,1,0
2259,9,0
2260,2,0
2261,1,0
2262,7,0
2263,9,0
2264,4,9
2265,4,0
2266,1,9
2267,6,0
2268,7,0
2269,2,0
2270,7,0
2271,8,0
2272,8,0
2273,1,0
2274,9,0
2275,7,0
2276,1,0
2277,1,0
2278,7,0
2279,5,0
2280,3,0
2281,3,0
2282,5,0
2283,1,0
2284,3,0
2285,7,0
2286,6,9
2287,1,0
2288,3,0
2289,8,0
2290,7,0
2291,5,0
2292,9,0
2293,9,0
2294,0,0
2295,0,0
2296,2,0
2297,8,0
2298,8,0
2299,2,0
2300,3,0
2301,7,0
2302,1,0
2303,3,0
2304,0,8
2305,3,0
2306,4,0
2307,4,0
2308,3,0
2309,8,0
2310,9,0
2311,2,0
2312,3,0
2313,9,0
2314,7,0
2315,1,0
2316,1,0
2317,7,0
2318,0,0
2319,4,0
2320,9,0
2321,6,7
2322,5,0
2323,9,0
2324,1,0
2325,7,0
2326,0,0
2327,2,0
2328,0,0
2329,0,0
2330,4,0
2331,6,9
2332,7,0
2333,0,0
2334,7,0
2335,1,0
2336,4,0
2337,6,8
2338,4,0
2339,5,0
2340,4,0
2341,9,0
2342,9,0
2343,1,0
2344,7,0
2345,9,0
2346,5,0
2347,3,3
2348,3,0
2349,8,0
2350,2,0
2351,3,6
2352,6,8
2353,2,7
2354,2,6
2355,1,0
2356,1,0
2357,1,0
2358,1,0
2359,1,0
2360,6,9
2361,9,0
2362,8,0
2363,4,0
2364,3,0
2365,7,0
2366,1,0
2367,6,0
2368,4,0
2369,5,0
2370,0,0
2371,4,0
2372,7,0
2373,4,0
2374,2,9
2375,4,0
2376,0,0
2377,7,0
2378,0,0
2379,1,0
2380,9,0
2381,8,0
2382,8,0
2383,6,0
2384,0,0
2385,0,0
2386,4,0
2387,9,0
2388,6,0
2389,8,0
2390,2,0
2391,2,0
2392,3,0
2393,8,0
2394,4,0
2395,8,0
2396,2,0
2397,2,0
2398,1,0
2399,7,0
2400,5,0
2401,4,0
2402,4,0
2403,0,0
2404,4,0
2405,3,0
2406,9,0
2407,7,0
2408,3,0
2409,1,0
2410,0,0
2411,1,0
2412,2,0
2413,5,0
2414,9,0
2415,2,0
2416,1,0
2417,0,0
2418,1,0
2419,8,0
2420,9,0
2421,1,0
2422,6,0
2423,8,0
2424,3,0
2425,8,0
2426,9,0
2427,3,0
2428,6,0
2429,2,0
2430,8,0
2431,3,8
2432,2,0
2433,2,0
2434,1,0
2435,0,0
2436,4,0
2437,2,0
2438,9,0
2439,2,0
2440,4,0
2441,3,0
2442,7,0
2443,9,0
2444,1,0
2445,5,0
2446,2,9
2447,4,0
2448,9,0
2449,0,0
2450,3,0
2451,8,0
2452,5,0
2453,3,0
2454,6,0
2455,0,0
2456,9,0
2457,4,0
2458,6,0
2459,2,0
2460,5,0
2461,0,0
2462,2,0
2463,7,0
2464,4,0
2465,6,9
2466,6,0
2467,8,0
2468,6,9
2469,6,0
2470,8,0
2471,6,8
2472,9,0
2473,1,0
2474,7,0
2475,2,0
2476,5,0
2477,9,0
2478,9,0
2479,0,0
2480,7,0
2481,2,8
2482,7,0
2483,6,0
2484,7,0
2485,0,0
2486,6,9
2487,5,0
2488,2,0
2489,4,0
2490,7,0
2491,2,9
2492,0,0
2493,9,0
2494,9,0
2495,2,0
2496,2,0
2497,9,0
2498,4,0
2499,4,0
2500,2,0
2501,3,0
2502,3,0
2503,2,9
2504,1,0
2505,7,0
2506,0,0
2507,7,0
2508,6,0
2509,4,0
2510,1,0
2511,3,0
2512,8,0
2513,7,0
2514,4,0
2515,5,0
2516,9,0
2517,2,9
2518,5,0
2519,1,0
2520,8,0
2521,7,0
2522,3,0
2523,7,0
2524,1,0
2525,5,0
2526,5,9
2527,0,0
2528,9,0
2529,1,0
2530,4,0
2531,0,0
2532,6,0
2533,3,0
2534,3,0
2535,6,6
2536,0,0
2537,4,0
2538,9,0
2539,7,0
2540,5,0
2541,1,0
2542,6,0
2543,8,0
2544,9,0
2545,5,0
2546,5,0
2547,7,0
2548,9,0
2549,3,0
2550,8,0
2551,3,0
2552,8,0
2553,1,0
2554,5,0
2555,3,0
2556,5,0
2557,0,0
2558,5,0
2559,5,0
2560,3,6
2561,8,0
2562,6,0
2563,7,0
2564,7,0
2565,7,0
2566,3,0
2567,7,0
2568,0,0
2569,5,0
2570,9,0
2571,0,0
2572,2,0
2573,5,0
2574,5,0
2575,3,0
2576,1,0
2577,7,0
2578,7,0
2579,8,0
2580,6,0
2581,5,0
2582,9,0
2583,3,0
2584,8,0
2585,9,0
2586,5,0
2587,3,0
2588,7,0
2589,9,0
2590,1,0
2591,7,0
2592,0,0
2593,0,0
2594,3,0
2595,7,0
2596,2,0
2597,5,0
2598,8,0
2599,1,0
2600,8,0
2601,6,0
2602,2,0
2603,9,0
2604,5,0
2605,7,0
2606,5,0
2607,7,0
2608,8,0
2609,6,6
2610,2,0
2611,5,0
2612,1,0
2613,4,0
2614,8,0
2615,4,0
2616,5,0
2617,8,0
2618,3,0
2619,0,0
2620,6,0
2621,2,8
2622,7,0
2623,3,0
2624,3,0
2625,2,0
2626,1,0
2627,0,0
2628,7,0
2629,3,0
2630,4,0
2631,0,0
2632,3,0
2633,9,0
2634,3,0
2635,2,0
2636,8,0
2637,9,0
2638,0,0
2639,3,0
2640,8,0
2641,0,0
2642,7,0
2643,6,0
2644,5,0
2645,4,0
2646,7,0
2647,3,0
2648,9,0
2649,0,0
2650,8,0
2651,6,0
2652,2,0
2653,5,0
2654,6,0
2655,1,0
2656,0,0
2657,0,0
2658,4,0
2659,4,0
2660,0,0
2661,1,0
2662,2,0
2663,3,0
2664,2,9
2665,7,0
2666,7,0
2667,8,0
2668,5,0
2669,2,9
2670,5,0
2671,7,0
2672,6,0
2673,9,0
2674,1,0
2675,4,0
2676,1,0
2677,6,0
2678,4,0
2679,2,0
2680,4,0
2681,3,0
2682,5,0
2683,4,0
2684,3,0
2685,9,0
2686,5,0
2687,0,0
2688,1,0
2689,5,0
2690,3,0
2691,8,0
2692,9,0
2693,1,0
2694,9,0
2695,7,0
2696,9,0
2697,5,0
2698,5,0
2699,2,0
2700,7,0
2701,4,0
2702,6,9
2703,0,0
2704,1,0
2705,1,0
2706,1,0
2707,0,0
2708,4,0
2709,4,0
2710,7,0
2711,6,4
2712,3,9
2713,0,0
2714,0,0
2715,4,0
2716,3,9
2717,0,0
2718,6,0
2719,1,0
2720,9,0
2721,6,9
2722,1,0
2723,3,0
2724,8,0
2725,1,0
2726,2,0
2727,5,9
2728,6,8
2729,2,9
2730,7,0
2731,3,0
2732,6,0
2733,0,0
2734,1,0
2735,9,0
2736,7,0
2737,6,0
2738,6,7
2739,8,0
2740,9,0
2741,2,0
2742,9,0
2743,5,0
2744,8,0
2745,3,0
2746,1,0
2747,0,0
2748,0,0
2749,7,0
2750,6,0
2751,6,0
2752,2,9
2753,1,0
2754,6,9
2755,9,0
2756,3,0
2757,1,0
2758,8,0
2759,6,9
2760,9,0
2761,0,0
2762,6,0
2763,0,0
2764,0,0
2765,0,0
2766,6,9
2767,3,0
2768,5,0
2769,9,0
2770,3,0
2771,4,0
2772,5,0
2773,5,0
2774,8,0
2775,5,0
2776,3,0
2777,0,0
2778,4,0
2779,0,0
2780,2,0
2781,9,0
2782,6,0
2783,8,0
2784,2,0
2785,3,0
2786,1,0
2787,2,6
2788,1,0
2789,1,0
2790,5,0
2791,6,0
2792,9,0
2793,8,0
2794,0,0
2795,6,9
2796,6,9
2797,5,0
2798,5,0
2799,3,0
2800,8,0
2801,6,9
2802,2,0
2803,1,0
2804,4,0
2805,5,0
2806,4,0
2807,3,0
2808,7,0
2809,8,0
2810,5,0
2811,0,0
2812,9,0
2813,3,9
2814,5,0
2815,1,0
2816,1,0
2817,0,0
2818,4,0
2819,4,0
2820,7,0
2821,0,0
2822,1,0
2823,7,0
2824,0,0
2825,1,0
2826,6,9
2827,1,0
2828,4,0
2829,5,0
2830,6,7
2831,6,0
2832,5,0
2833,7,0
2834,8,0
2835,4,0
2836,4,0
2837,7,0
2838,2,0
2839,5,0
2840,3,0
2841,7,0
2842,0,0
2843,7,0
2844,7,0
2845,9,0
2846,6,0
2847,4,0
2848,2,0
2849,8,0
2850,5,0
2851,7,0
2852,8,0
2853,3,0
2854,9,0
2855,5,0
2856,8,0
2857,9,0
2858,9,0
2859,8,0
2860,6,0
2861,2,0
2862,8,0
2863,9,0
2864,2,0
2865,3,0
2866,6,9
2867,1,0
2868,1,0
2869,8,0
2870,9,0
2871,3,0
2872,4,0
2873,0,0
2874,7,0
2875,9,0
2876,6,0
2877,4,0
2878,1,0
2879,4,0
2880,1,0
2881,3,0
2882,4,0
2883,9,0
2884,3,0
2885,1,0
2886,4,0
2887,7,0
2888,7,0
2889,4,0
2890,7,0
2891,2,0
2892,9,0
2893,3,0
2894,0,0
2895,8,0
2896,8,0
2897,8,0
2898,4,0
2899,0,0
2900,4,0
2901,4,0
2902,1,0
2903,5,0
2904,2,9
2905,8,0
2906,3,0
2907,4,0
2908,9,0
2909,5,0
2910,2,0
2911,8,0
2912,1,0
2913,5,0
2914,3,0
2915,7,0
2916,9,0
2917,4,0
2918,2,9
2919,5,0
2920,6,9
2921,3,0
2922,5,0
2923,9,0
2924,3,0
2925,5,0
2926,9,0
2927,3,0
2928,1,0
2929,9,0
2930,5,0
2931,3,0
2932,0,0
2933,6,0
2934,9,0
2935,8,0
2936,4,0
2937,0,0
2938,4,0
2939,9,0
2940,2,0
2941,9,0
2942,0,0
2943,1,0
2944,0,0
2945,3,0
2946,1,0
2947,6,0
2948,5,0
2949,8,0
2950,1,0
2951,5,0
2952,3,0
2953,3,0
2954,0,0
2955,3,0
2956,5,0
2957,5,0
2958,9,0
2959,2,0
2960,8,0
2961,7,0
2962,0,0
2963,4,0
2964,9,0
2965,1,0
2966,9,0
2967,7,0
2968,7,0
2969,5,0
2970,5,0
2971,2,0
2972,0,0
2973,9,0
2974,1,0
2975,8,0
2976,6,0
2977,2,0
2978,3,0
2979,9,0
2980,6,8
2981,2,0
2982,1,0
2983,9,0
2984,1,0
2985,3,0
2986,5,0
2987,5,0
2988,0,0
2989,3,0
2990,8,0
2991,3,0
2992,3,0
2993,7,0
2994,6,9
2995,6,0
2996,0,0
2997,1,0
2998,4,0
2999,0,0
3000,6,0
3001,9,0
3002,8,0
3003,1,0
3004,2,0
3005,9,0
3006,9,0
3007,5,0
3008,9,0
3009,7,0
3010,3,0
3011,7,0
3012,8,0
3013,0,0
3014,1,0
3015,3,0
3016,0,0
3017,4,0
3018,6,0
3019,1,0
3020,0,0
3021,2,0
3022,5,0
3023,8,0
3024,4,0
3025,4,0
3026,1,0
3027,1,0
3028,5,0
3029,4,0
3030,6,0
3031,6,6
3032,0,0
3033,6,8
3034,9,0
3035,2,0
3036,6,0
3037,2,8
3038,7,0
3039,1,0
3040,7,0
3041,9,0
3042,4,0
3043,0,0
3044,0,0
3045,3,0
3046,8,0
3047,2,0
3048,2,0
3049,3,0
3050,1,0
3051,6,0
3052,0,0
3053,5,0
3054,7,0
3055,7,0
3056,9,0
3057,2,0
3058,6,8
3059,7,0
3060,9,0
3061,7,0
3062,8,0
3063,6,0
3064,8,0
3065,8,0
3066,4,0
3067,6,8
3068,8,0
3069,4,0
3070,1,0
3071,2,9
3072,8,0
3073,1,0
3074,3,0
3075,9,0
3076,4,0
3077,0,0
3078,3,0
3079,7,0
3080,3,7
3081,2,0
3082,3,9
3083,3,0
3084,7,0
3085,3,0
3086,4,0
3087,0,0
3088,6,0
3089,2,0
3090,0,0
3091,8,0
3092,1,0
3093,5,0
3094,3,0
3095,5,0
3096,4,0
3097,1,0
3098,7,0
3099,1,0
3100,5,0
3101,7,0
3102,5,0
3103,7,0
3104,3,0
3105,2,8
3106,2,9
3107,7,0
3108,3,0
3109,7,0
3110,3,0
3111,7,0
3112,8,0
3113,5,0
3114,4,0
3115,5,0
3116,2,9
3117,5,0
3118,6,0
3119,5,0
3120,3,7
3121,6,9
3122,7,0
3123,4,0
3124,1,0
3125,7,0
3126,1,0
3127,5,0
3128,2,9
3129,3,0
3130,6,0
3131,3,0
3132,1,0
3133,4,0
3134,2,8
3135,6,0
3136,7,0
3137,4,0
3138,3,0
3139,8,0
3140,0,0
3141,6,0
3142,2,8
3143,1,0
3144,6,6
3145,5,0
3146,3,0
3147,9,0
3148,1,0
3149,9,0
3150,3,0
3151,2,0
3152,1,0
3153,8,0
3154,4,0
3155,4,0
3156,6,0
3157,5,0
3158,8,0
3159,6,0
3160,9,0
3161,7,0
3162,7,0
3163,8,0
3164,6,8
3165,9,0
3166,7,0
3167,3,0
3168,9,0
3169,4,0
3170,0,0
3171,5,0
3172,4,0
3173,6,9
3174,4,0
3175,1,0
3176,2,0
3177,3,0
3178,0,8
3179,0,0
3180,2,0
3181,6,6
3182,6,7
3183,5,0
3184,7,0
3185,0,0
3186,8,0
3187,6,0
3188,4,0
3189,7,0
3190,9,0
3191,0,0
3192,7,0
3193,3,0
3194,4,0
3195,2,5
3196,1,0
3197,8,0
3198,8,0
3199,5,0
3200,9,0
3201,2,0
3202,7,0
3203,1,0
3204,8,0
3205,8,0
3206,8,0
3207,2,0
3208,7,0
3209,6,0
3210,0,0
3211,1,0
3212,2,0
3213,7,0
3214,1,0
3215,0,0
3216,8,0
3217,3,0
3218,6,0
3219,0,0
3220,5,0
3221,3,0
3222,6,0
3223,2,0
3224,8,0
3225,7,0
3226,0,0
3227,1,0
3228,4,0
3229,2,0
3230,1,0
3231,1,0
3232,4,0
3233,4,0
3234,4,0
3235,4,0
3236,7,0
3237,1,0
3238,6,0
3239,2,4
3240,9,0
3241,9,0
3242,0,0
3243,0,0
3244,1,0
3245,8,0
3246,8,0
3247,4,0
3248,3,0
3249,4,0
3250,2,0
3251,0,0
3252,6,0
3253,1,0
3254,6,0
3255,1,0
3256,2,0
3257,2,0
3258,2,6
3259,1,0
3260,2,0
3261,3,0
3262,7,0
3263,8,0
3264,1,0
3265,0,0
3266,0,0
3267,2,0
3268,1,0
3269,6,8
3270,6,7
3271,0,0
3272,1,0
3273,6,0
3274,2,9
3275,5,0
3276,1,0
3277,7,0
3278,4,0
3279,8,0
3280,2,0
3281,1,0
3282,4,0
3283,3,0
3284,8,0
3285,3,0
3286,9,0
3287,9,0
3288,4,0
3289,8,0
3290,3,0
3291,4,0
3292,7,0
3293,2,9
3294,7,0
3295,5,0
3296,7,0
3297,0,0
3298,4,0
3299,3,0
3300,3,0
3301,2,5
3302,6,0
3303,7,0
3304,6,0
3305,0,0
3306,0,0
3307,6,8
3308,7,0
3309,7,0
3310,0,0
3311,5,0
3312,5,0
3313,8,0
3314,1,0
3315,0,0
3316,7,0
3317,0,0
3318,2,0
3319,8,0
3320,1,0
3321,5,0
3322,0,0
3323,8,0
3324,8,0
3325,0,0
3326,3,0
3327,2,0
3328,7,0
3329,7,0
3330,2,0
3331,6,0
3332,4,0
3333,7,0
3334,5,0
3335,5,0
3336,5,0
3337,2,0
3338,9,0
3339,2,0
3340,8,0
3341,4,0
3342,6,0
3343,8,0
3344,6,0
3345,5,0
3346,0,0
3347,0,9
3348,8,0
3349,7,0
3350,6,0
3351,1,0
3352,7,0
3353,1,0
3354,1,0
3355,2,9
3356,7,0
3357,4,0
3358,0,0
3359,0,0
3360,7,0
3361,7,0
3362,6,0
3363,3,0
3364,8,0
3365,6,0
3366,4,0
3367,2,9
3368,0,0
3369,9,0
3370,4,0
3371,0,0
3372,5,0
3373,7,0
3374,8,0
3375,2,0
3376,7,0
3377,4,0
3378,7,0
3379,1,0
3380,1,0
3381,3,0
3382,6,0
3383,6,0
3384,2,0
3385,9,0
3386,1,0
3387,9,0
3388,4,0
3389,8,0
3390,3,0
3391,6,0
3392,9,0
3393,5,0
3394,9,0
3395,6,0
3396,2,0
3397,4,0
3398,6,0
3399,7,0
3400,7,0
3401,0,0
3402,6,0
3403,6,0
3404,9,0
3405,4,0
3406,8,0
3407,3,0
3408,5,0
3409,3,0
3410,4,0
3411,9,0
3412,0,0
3413,0,0
3414,5,0
3415,2,0
3416,5,0
3417,0,0
3418,7,0
3419,1,0
3420,1,0
3421,1,0
3422,6,0
3423,7,0
3424,6,0
3425,7,0
3426,9,0
3427,6,0
3428,6,0
3429,4,0
3430,1,0
3431,4,0
3432,3,0
3433,1,0
3434,1,0
3435,2,0
3436,2,0
3437,4,0
3438,1,0
3439,0,0
3440,8,0
3441,7,0
3442,6,0
3443,3,0
3444,4,0
3445,0,0
3446,0,0
3447,6,8
3448,3,0
3449,3,0
3450,0,0
3451,7,0
3452,1,0
3453,7,0
3454,1,0
3455,1,0
3456,3,0
3457,1,0
3458,0,0
3459,9,0
3460,9,0
3461,7,0
3462,5,0
3463,4,0
3464,1,0
3465,4,0
3466,8,0
3467,9,0
3468,5,0
3469,3,0
3470,5,0
3471,1,0
3472,9,0
3473,8,0
3474,2,0
3475,3,0
3476,3,0
3477,9,0
3478,9,0
3479,0,0
3480,1,0
3481,0,0
3482,2,0
3483,9,0
3484,3,0
3485,9,0
3486,3,0
3487,3,0
3488,6,0
3489,2,0
3490,4,0
3491,9,0
3492,8,0
3493,3,0
3494,7,0
3495,4,0
3496,0,0
3497,4,0
3498,7,0
3499,8,0
3500,4,0
3501,9,0
3502,8,0
3503,9,0
3504,9,0
3505,7,0
3506,5,0
3507,9,0
3508,2,0
3509,8,0
3510,2,0
3511,2,0
3512,0,0
3513,2,0
3514,2,0
3515,3,0
3516,8,0
3517,4,0
3518,6,0
3519,8,0
3520,6,0
3521,8,0
3522,2,6
3523,4,0
3524,6,9
3525,7,0
3526,9,0
3527,3,0
3528,3,0
3529,9,0
3530,4,0
3531,3,0
3532,1,0
3533,4,0
3534,4,0
3535,7,0
3536,0,0
3537,5,0
3538,9,0
3539,6,0
3540,0,0
3541,4,0
3542,4,0
3543,4,0
3544,4,0
3545,6,0
3546,1,0
3547,2,0
3548,3,0
3549,3,0
3550,6,0
3551,4,0
3552,5,0
3553,9,0
3554,6,0
3555,8,0
3556,5,0
3557,6,0
3558,5,0
3559,8,0
3560,6,0
3561,4,0
3562,1,0
3563,8,0
3564,6,0
3565,5,6
3566,2,8
3567,8,0
3568,4,0
3569,5,0
3570,5,0
3571,4,0
3572,7,0
3573,7,0
3574,0,0
3575,7,0
3576,8,0
3577,2,0
3578,2,0
3579,3,0
3580,7,0
3581,0,0
3582,1,0
3583,8,0
3584,0,0
3585,7,0
3586,1,0
3587,9,0
3588,8,0
3589,7,0
3590,5,0
3591,5,0
3592,9,0
3593,1,0
3594,7,0
3595,5,0
3596,4,0
3597,9,9
3598,1,0
3599,2,0
3600,2,0
3601,1,0
3602,6,9
3603,6,9
3604,7,0
3605,1,0
3606,1,0
3607,4,0
3608,0,0
3609,7,0
3610,4,0
3611,2,9
3612,4,0
3613,0,0
3614,6,9
3615,4,0
3616,7,0
3617,6,0
3618,9,0
3619,5,0
3620,3,0
3621,4,0
3622,6,0
3623,5,0
3624,0,0
3625,1,0
3626,8,0
3627,8,0
3628,2,0
3629,8,0
3630,3,6
3631,5,0
3632,7,0
3633,8,0
3634,0,0
3635,8,0
3636,5,0
3637,7,0
3638,1,0
3639,1,0
3640,0,0
3641,1,0
3642,3,0
3643,7,0
3644,8,0
3645,5,0
3646,0,0
3647,7,0
3648,1,0
3649,1,0
3650,0,0
3651,1,0
3652,1,0
3653,4,0
3654,5,0
3655,2,8
3656,7,0
3657,6,8
3658,2,0
3659,3,0
3660,0,0
3661,2,0
3662,8,0
3663,5,0
3664,9,0
3665,6,8
3666,9,0
3667,7,0
3668,2,9
3669,1,0
3670,3,0
3671,6,9
3672,4,0
3673,1,0
3674,8,0
3675,2,7
3676,4,0
3677,0,0
3678,5,0
3679,1,0
3680,0,0
3681,2,0
3682,2,9
3683,6,8
3684,4,0
3685,4,0
3686,3,0
3687,9,0
3688,6,0
3689,1,0
3690,6,0
3691,5,0
3692,7,0
3693,9,0
3694,2,0
3695,0,0
3696,2,0
3697,6,0
3698,0,0
3699,1,0
3700,4,0
3701,3,0
3702,5,0
3703,2,6
3704,8,0
3705,8,9
3706,0,0
3707,8,0
3708,8,0
3709,9,0
3710,0,0
3711,9,0
3712,6,0
3713,7,0
3714,6,0
3715,3,0
3716,9,0
3717,3,0
3718,4,0
3719,7,0
3720,7,0
3721,7,0
3722,4,0
3723,9,0
3724,0,0
3725,6,8
3726,4,0
3727,8,0
3728,4,0
3729,2,0
3730,7,0
3731,2,0
3732,8,0
3733,1,0
3734,0,0
3735,0,0
3736,7,0
3737,8,0
3738,3,0
3739,3,0
3740,3,0
3741,1,0
3742,3,0
3743,7,0
3744,6,0
3745,1,0
3746,3,0
3747,1,0
3748,6,0
3749,6,6
3750,5,0
3751,7,0
3752,4,0
3753,7,0
3754,5,0
3755,9,0
3756,5,0
3757,8,0
3758,4,0
3759,9,0
3760,9,0
3761,1,0
3762,6,0
3763,5,0
3764,0,0
3765,1,0
3766,3,0
3767,7,0
3768,0,0
3769,3,0
3770,4,0
3771,8,0
3772,2,0
3773,2,9
3774,0,0
3775,2,8
3776,5,0
3777,1,0
3778,5,0
3779,1,0
3780,4,0
3781,8,0
3782,8,0
3783,9,0
3784,1,0
3785,2,0
3786,1,0
3787,3,0
3788,5,0
3789,1,0
3790,0,0
3791,9,0
3792,4,0
3793,4,0
3794,8,0
3795,3,0
3796,2,0
3797,5,0
3798,9,0
3799,7,0
3800,6,0
3801,6,9
3802,2,9
3803,0,0
3804,0,0
3805,0,0
3806,5,0
3807,8,0
3808,7,0
3809,1,0
3810,5,0
3811,2,0
3812,3,0
3813,8,0
3814,5,0
3815,1,0
3816,8,0
3817,2,0
3818,0,0
3819,4,0
3820,9,0
3821,9,0
3822,6,9
3823,2,0
3824,3,0
3825,3,9
3826,5,0
3827,6,9
3828,4,0
3829,8,0
3830,0,0
3831,9,0
3832,2,0
3833,8,0
3834,3,0
3835,6,5
3836,7,0
3837,5,0
3838,7,0
3839,2,0
3840,9,0
3841,4,0
3842,9,0
3843,1,0
3844,2,9
3845,8,0
3846,6,5
3847,0,0
3848,7,0
3849,0,0
3850,9,0
3851,1,0
3852,1,0
3853,6,0
3854,7,0
3855,5,0
3856,9,0
3857,9,0
3858,1,0
3859,9,0
3860,5,0
3861,9,0
3862,2,0
3863,5,0
3864,0,0
3865,4,0
3866,1,0
3867,0,0
3868,8,0
3869,9,0
3870,0,0
3871,8,0
3872,9,0
3873,8,0
3874,9,0
3875,4,0
3876,2,0
3877,5,0
3878,7,0
3879,9,0
3880,8,0
3881,9,0
3882,8,0
3883,0,0
3884,9,0
3885,9,0
3886,6,0
3887,8,0
3888,9,0
3889,9,0
3890,5,0
3891,9,0
3892,8,0
3893,5,8
3894,1,0
3895,0,0
3896,3,0
3897,3,0
3898,5,0
3899,2,0
3900,1,0
3901,6,9
3902,5,0
3903,0,0
3904,2,0
3905,8,0
3906,1,0
3907,5,0
3908,6,0
3909,2,0
3910,3,0
3911,0,0
3912,2,0
3913,2,0
3914,6,0
3915,4,0
3916,3,0
3917,5,0
3918,5,0
3919,1,0
3920,7,0
3921,2,0
3922,1,0
3923,6,0
3924,9,0
3925,1,0
3926,9,0
3927,9,0
3928,5,0
3929,5,0
3930,1,0
3931,6,0
3932,2,0
3933,2,6
3934,8,0
3935,6,9
3936,7,0
3937,1,0
3938,4,0
3939,6,0
3940,0,0
3941,4,0
3942,0,0
3943,3,0
3944,3,0
3945,2,0
3946,2,0
3947,3,0
3948,6,9
3949,8,0
3950,9,0
3951,8,0
3952,5,0
3953,3,0
3954,8,0
3955,5,0
3956,4,0
3957,5,0
3958,2,0
3959,0,0
3960,5,0
3961,6,0
3962,3,0
3963,2,9
3964,8,0
3965,3,0
3966,9,0
3967,9,0
3968,5,0
3969,7,0
3970,9,0
3971,4,0
3972,6,0
3973,7,0
3974,1,0
3975,3,8
3976,7,0
3977,3,0
3978,6,0
3979,6,0
3980,0,0
3981,9,0
3982,0,0
3983,1,0
3984,9,0
3985,9,0
3986,2,5
3987,8,0
3988,8,0
3989,0,0
3990,1,0
3991,6,0
3992,9,0
3993,7,0
3994,5,0
3995,3,0
3996,4,0
3997,7,0
3998,4,0
3999,9,0
4000,9,0
4001,4,0
4002,3,0
4003,6,0
4004,3,0
4005,1,0
4006,1,0
4007,7,0
4008,6,0
4009,9,0
4010,1,0
4011,8,0
4012,4,0
4013,1,0
4014,1,0
4015,9,0
4016,9,0
4017,4,0
4018,3,0
4019,6,0
4020,8,0
4021,1,0
4022,6,0
4023,0,0
4024,4,0
4025,1,0
4026,3,0
4027,7,0
4028,7,0
4029,4,0
4030,9,0
4031,5,0
4032,1,0
4033,0,0
4034,0,0
4035,1,0
4036,1,0
4037,6,0
4038,2,0
4039,1,0
4040,9,0
4041,8,0
4042,4,0
4043,0,0
4044,3,0
4045,6,0
4046,4,0
4047,9,0
4048,0,0
4049,7,0
4050,1,0
4051,6,9
4052,5,0
4053,7,0
4054,5,0
4055,2,0
4056,5,0
4057,1,0
4058,8,0
4059,5,0
4060,4,0
4061,7,0
4062,0,0
4063,6,0
4064,7,0
4065,0,0
4066,2,0
4067,5,0
4068,8,0
4069,1,0
4070,0,0
4071,4,0
4072,5,0
4073,7,0
4074,1,0
4075,8,0
4076,5,0
4077,1,0
4078,9,0
4079,0,0
4080,0,0
4081,6,0
4082,0,0
4083,7,0
4084,3,0
4085,1,0
4086,8,0
4087,3,0
4088,9,0
4089,7,0
4090,0,0
4091,0,0
4092,8,0
4093,9,0
4094,5,0
4095,9,0
4096,8,0
4097,3,0
4098,2,0
4099,7,0
4100,2,0
4101,9,0
4102,7,0
4103,2,0
4104,1,0
4105,1,0
4106,3,0
4107,7,0
4108,5,0
4109,3,0
4110,1,0
4111,9,0
4112,8,0
4113,2,6
4114,2,0
4115,2,9
4116,8,0
4117,8,0
4118,5,0
4119,7,0
4120,3,0
4121,8,0
4122,9,0
4123,8,0
4124,8,0
4125,6,0
4126,8,0
4127,2,0
4128,3,0
4129,9,0
4130,7,0
4131,5,0
4132,6,0
4133,2,0
4134,9,0
4135,2,9
4136,8,0
4137,8,0
4138,1,0
4139,6,9
4140,8,0
4141,8,0
4142,7,0
4143,9,0
4144,1,0
4145,8,0
4146,0,0
4147,1,0
4148,7,0
4149,2,9
4150,0,0
4151,7,0
4152,5,0
4153,1,0
4154,9,0
4155,0,0
4156,2,0
4157,0,0
4158,9,0
4159,8,0
4160,6,0
4161,2,8
4162,3,0
4163,9,0
4164,3,0
4165,8,0
4166,0,0
4167,2,0
4168,1,0
4169,1,0
4170,1,0
4171,1,0
4172,4,0
4173,2,0
4174,9,0
4175,7,0
4176,2,0
4177,5,0
4178,1,0
4179,1,0
4180,2,0
4181,1,0
4182,9,0
4183,9,0
4184,9,0
4185,1,0
4186,0,0
4187,2,0
4188,0,0
4189,2,0
4190,1,0
4191,1,0
4192,4,0
4193,6,0
4194,4,0
4195,1,0
4196,5,0
4197,4,0
4198,9,0
4199,7,0
4200,7,0
4201,1,0
4202,5,0
4203,6,7
4204,2,9
4205,2,0
4206,2,8
4207,8,0
4208,0,0
4209,6,0
4210,9,0
4211,6,0
4212,1,0
4213,9,0
4214,7,0
4215,7,0
4216,1,0
4217,4,0
4218,8,0
4219,5,0
4220,3,0
4221,4,0
4222,3,0
4223,4,0
4224,9,0
4225,7,0
4226,5,0
4227,0,0
4228,7,0
4229,4,0
4230,8,0
4231,8,0
4232,1,0
4233,5,0
4234,3,0
4235,9,0
4236,5,0
4237,9,0
4238,7,0
4239,6,0
4240,9,0
4241,0,0
4242,3,0
4243,6,0
4244,3,0
4245,9,0
4246,8,0
4247,2,0
4248,2,0
4249,1,0
4250,2,0
4251,8,0
4252,6,0
4253,8,0
4254,5,0
4255,5,0
4256,3,8
4257,9,0
4258,4,0
4259,9,0
4260,2,5
4261,5,0
4262,1,0
4263,5,0
4264,1,0
4265,4,0
4266,4,0
4267,1,0
4268,4,0
4269,4,4
4270,3,0
4271,5,0
4272,9,0
4273,1,0
4274,2,0
4275,2,0
4276,3,0
4277,3,0
4278,0,0
4279,2,0
4280,9,0
4281,0,0
4282,0,0
4283,9,0
4284,9,0
4285,6,0
4286,0,0
4287,9,0
4288,3,0
4289,2,0
4290,8,0
4291,4,0
4292,1,0
4293,9,0
4294,9,0
4295,7,0
4296,2,0
4297,7,0
4298,9,0
4299,9,0
4300,5,0
4301,9,0
4302,5,0
4303,1,0
4304,1,0
4305,8,0
4306,3,0
4307,5,0
4308,1,0
4309,9,0
4310,5,0
4311,3,0
4312,5,0
4313,4,0
4314,9,0
4315,5,0
4316,9,0
4317,3,0
4318,1,0
4319,9,0
4320,0,0
4321,9,0
4322,7,0
4323,5,0
4324,4,0
4325,9,0
4326,2,9
4327,0,0
4328,1,0
4329,0,9
4330,5,0
4331,1,0
4332,4,0
4333,9,0
4334,3,0
4335,3,0
4336,6,9
4337,1,0
4338,5,0
4339,2,0
4340,5,0
4341,2,0
4342,2,0
4343,0,0
4344,9,0
4345,2,0
4346,6,0
4347,6,0
4348,0,0
4349,1,0
4350,2,0
4351,0,0
4352,3,0
4353,0,0
4354,2,0
4355,5,0
4356,5,0
4357,7,0
4358,9,0
4359,5,0
4360,5,0
4361,0,0
4362,8,0
4363,9,0
4364,5,0
4365,0,0
4366,3,9
4367,2,9
4368,5,0
4369,9,0
4370,0,0
4371,8,0
4372,8,0
4373,4,0
4374,5,0
4375,8,0
4376,8,0
4377,4,0
4378,5,0
4379,4,0
4380,8,0
4381,5,0
4382,4,0
4383,9,0
4384,2,0
4385,2,0
4386,1,0
4387,2,0
4388,6,9
4389,8,0
4390,8,0
4391,7,0
4392,0,0
4393,3,0
4394,6,0
4395,6,6
4396,4,0
4397,3,0
4398,8,0
4399,8,0
4400,7,0
4401,2,0
4402,2,0
4403,0,0
4404,0,0
4405,9,0
4406,3,0
4407,9,0
4408,9,0
4409,1,0
4410,9,0
4411,8,0
4412,6,0
4413,6,0
4414,4,0
4415,2,0
4416,6,9
4417,9,0
4418,2,0
4419,8,0
4420,5,0
4421,4,0
4422,5,0
4423,7,0
4424,9,0
4425,9,0
4426,9,0
4427,2,0
4428,1,0
4429,8,0
4430,3,0
4431,4,0
4432,0,0
4433,7,0
4434,8,0
4435,3,0
4436,9,0
4437,3,0
4438,4,0
4439,6,8
4440,5,0
4441,6,6
4442,2,9
4443,3,9
4444,9,0
4445,2,0
4446,6,9
4447,0,0
4448,0,0
4449,6,0
4450,1,0
4451,2,0
4452,8,0
4453,7,0
4454,9,0
4455,8,0
4456,2,0
4457,0,0
4458,4,0
4459,7,0
4460,7,0
4461,5,0
4462,0,0
4463,5,0
4464,6,8
4465,4,0
4466,6,9
4467,7,0
4468,4,0
4469,3,0
4470,0,0
4471,7,0
4472,5,0
4473,0,0
4474,7,0
4475,4,0
4476,2,9
4477,0,0
4478,8,0
4479,9,0
4480,9,0
4481,4,0
4482,2,0
4483,4,0
4484,6,0
4485,7,0
4486,8,0
4487,7,0
4488,6,0
4489,9,0
4490,4,0
4491,1,0
4492,3,0
4493,7,0
4494,3,0
4495,0,0
4496,8,0
4497,8,0
4498,7,0
4499,6,0
4500,9,0
4501,3,0
4502,9,0
4503,2,0
4504,2,0
4505,9,0
4506,2,0
4507,1,0
4508,8,0
4509,3,0
4510,2,0
4511,9,0
4512,6,0
4513,8,0
4514,4,0
4515,0,0
4516,1,0
4517,2,9
4518,8,0
4519,4,0
4520,5,0
4521,2,0
4522,7,0
4523,8,0
4524,1,0
4525,1,0
4526,3,0
4527,0,0
4528,3,0
4529,5,0
4530,7,0
4531,0,0
4532,3,0
4533,1,0
4534,9,0
4535,3,0
4536,6,0
4537,3,0
4538,1,0
4539,7,0
4540,7,0
4541,3,0
4542,0,0
4543,8,0
4544,4,0
4545,8,0
4546,2,0
4547,6,0
4548,5,7
4549,2,0
4550,9,0
4551,7,0
4552,3,0
4553,9,0
4554,0,0
4555,9,0
4556,9,0
4557,6,9
4558,4,0
4559,2,0
4560,9,0
4561,7,0
4562,2,0
4563,1,0
4564,1,0
4565,6,0
4566,7,0
4567,4,0
4568,7,0
4569,5,0
4570,9,0
4571,6,0
4572,8,0
4573,2,0
4574,1,0
4575,4,0
4576,4,0
4577,5,0
4578,7,0
4579,6,0
4580,1,0
4581,3,0
4582,2,0
4583,5,0
4584,9,0
4585,9,0
4586,3,0
4587,6,0
4588,1,0
4589,1,0
4590,4,0
4591,6,0
4592,9,0
4593,7,0
4594,2,0
4595,1,0
4596,5,0
4597,1,0
4598,4,0
4599,6,0
4600,3,0
4601,8,0
4602,1,0
4603,1,0
4604,0,0
4605,3,0
4606,1,0
4607,6,0
4608,8,0
4609,4,0
4610,9,0
4611,0,0
4612,7,0
4613,3,0
4614,0,0
4615,2,0
4616,9,0
4617,0,0
4618,6,0
4619,6,0
4620,6,0
4621,3,0
4622,6,7
4623,7,0
4624,7,0
4625,2,0
4626,8,0
4627,6,9
4628,0,0
4629,8,0
4630,3,0
4631,0,0
4632,2,0
4633,9,0
4634,8,0
4635,3,0
4636,2,0
4637,5,0
4638,3,0
4639,8,0
4640,8,0
4641,0,8
4642,0,0
4643,1,0
4644,9,0
4645,5,0
4646,1,0
4647,3,0
4648,9,0
4649,6,0
4650,0,0
4651,1,0
4652,4,0
4653,1,0
4654,7,0
4655,1,0
4656,2,0
4657,3,0
4658,7,0
4659,9,0
4660,7,0
4661,4,0
4662,9,0
4663,9,0
4664,3,0
4665,9,0
4666,2,0
4667,8,0
4668,2,0
4669,7,0
4670,1,0
4671,8,0
4672,0,0
4673,9,0
4674,1,0
4675,0,0
4676,1,0
4677,7,0
4678,7,0
4679,9,0
4680,6,9
4681,9,0
4682,9,0
4683,9,0
4684,2,0
4685,1,0
4686,6,0
4687,1,0
4688,3,0
4689,5,0
4690,7,0
4691,1,0
4692,9,0
4693,7,0
4694,6,0
4695,4,0
4696,5,0
4697,7,0
4698,6,0
4699,6,0
4700,9,0
4701,9,0
4702,6,0
4703,3,6
4704,6,0
4705,2,8
4706,9,0
4707,8,0
4708,1,0
4709,2,9
4710,2,0
4711,5,0
4712,5,0
4713,2,9
4714,3,0
4715,7,0
4716,2,0
4717,1,0
4718,0,0
4719,1,0
4720,0,0
4721,4,0
4722,5,0
4723,2,0
4724,8,0
4725,2,9
4726,8,0
4727,3,0
4728,5,0
4729,1,0
4730,7,0
4731,8,0
4732,1,0
4733,1,0
4734,2,0
4735,9,0
4736,7,0
4737,8,0
4738,4,0
4739,0,0
4740,3,0
4741,0,0
4742,7,0
4743,8,0
4744,8,0
4745,4,0
4746,7,0
4747,7,0
4748,8,0
4749,5,0
4750,8,0
4751,4,0
4752,9,0
4753,8,0
4754,1,0
4755,3,0
4756,8,0
4757,0,0
4758,3,0
4759,1,0
4760,7,0
4761,9,0
4762,5,0
4763,5,0
4764,1,0
4765,6,9
4766,5,0
4767,7,0
4768,4,0
4769,9,0
4770,3,0
4771,5,0
4772,4,0
4773,7,0
4774,1,0
4775,2,9
4776,0,0
4777,8,0
4778,1,0
4779,6,9
4780,0,0
4781,7,0
4782,3,0
4783,4,0
4784,7,0
4785,3,0
4786,9,0
4787,6,0
4788,0,0
4789,8,0
4790,6,0
4791,4,0
4792,8,0
4793,7,0
4794,7,0
4795,9,0
4796,3,0
4797,8,0
4798,6,0
4799,9,0
4800,7,0
4801,2,9
4802,3,0
4803,4,0
4804,0,0
4805,2,0
4806,1,0
4807,8,0
4808,3,0
4809,5,0
4810,5,0
4811,7,0
4812,2,8
4813,4,0
4814,6,6
4815,7,0
4816,2,0
4817,8,0
4818,3,0
4819,0,0
4820,8,0
4821,7,0
4822,8,0
4823,9,0
4824,0,0
4825,8,0
4826,4,0
4827,4,0
4828,5,0
4829,8,0
4830,5,0
4831,6,8
4832,6,0
4833,3,0
4834,0,0
4835,9,0
4836,3,0
4837,7,0
4838,6,0
4839,8,0
4840,9,0
4841,3,0
4842,4,0
4843,9,0
4844,5,0
4845,8,0
4846,9,0
4847,1,0
4848,2,0
4849,8,0
4850,8,0
4851,6,0
4852,8,0
4853,1,0
4854,3,0
4855,7,0
4856,9,0
4857,0,0
4858,1,0
4859,1,0
4860,4,0
4861,7,0
4862,0,0
4863,8,0
4864,1,0
4865,7,0
4866,4,0
4867,5,0
4868,7,0
4869,1,0
4870,2,0
4871,1,0
4872,1,0
4873,3,0
4874,9,0
4875,6,0
4876,2,0
4877,1,0
4878,2,0
4879,8,0
4880,0,0
4881,7,0
4882,6,0
4883,6,9
4884,9,0
4885,3,0
4886,7,0
4887,0,0
4888,5,0
4889,2,9
4890,8,0
4891,0,0
4892,5,0
4893,4,0
4894,3,0
4895,8,0
4896,4,0
4897,6,0
4898,6,0
4899,2,0
4900,7,0
4901,9,0
4902,5,0
4903,1,0
4904,3,0
4905,2,0
4906,4,0
4907,3,0
4908,6,0
4909,1,0
4910,9,0
4911,4,0
4912,4,0
4913,7,0
4914,6,9
4915,5,0
4916,4,0
4917,1,0
4918,9,0
4919,9,0
4920,2,0
4921,7,0
4922,8,0
4923,0,0
4924,1,0
4925,3,0
4926,6,0
4927,1,0
4928,3,0
4929,4,0
4930,1,0
4931,1,0
4932,1,0
4933,5,0
4934,6,0
4935,0,0
4936,7,0
4937,0,0
4938,7,0
4939,2,0
4940,3,0
4941,2,0
4942,5,0
4943,2,0
4944,2,0
4945,9,0
4946,4,0
4947,9,0
4948,8,0
4949,1,0
4950,2,0
4951,1,0
4952,6,0
4953,1,0
4954,2,0
4955,7,0
4956,8,0
4957,0,0
4958,0,0
4959,0,0
4960,8,0
4961,2,0
4962,2,8
4963,9,0
4964,2,0
4965,2,0
4966,7,0
4967,9,0
4968,9,0
4969,2,0
4970,7,0
4971,5,0
4972,1,0
4973,3,0
4974,4,0
4975,9,0
4976,4,0
4977,1,0
4978,8,0
4979,5,0
4980,6,0
4981,2,0
4982,8,0
4983,3,9
4984,1,0
4985,2,0
4986,8,0
4987,4,0
4988,9,0
4989,9,0
4990,3,0
4991,7,0
4992,0,0
4993,7,0
4994,7,0
4995,2,0
4996,3,0
4997,2,0
4998,4,0
4999,0,0
5000,3,0
5001,9,0
5002,9,0
5003,8,0
5004,4,0
5005,1,0
5006,0,0
5007,6,0
5008,0,0
5009,9,0
5010,6,0
5011,8,0
5012,6,0
5013,1,0
5014,1,0
5015,9,0
5016,8,0
5017,9,0
5018,2,0
5019,3,0
5020,5,0
5021,5,0
5022,9,0
5023,4,0
5024,2,0
5025,1,0
5026,9,0
5027,4,0
5028,3,0
5029,9,0
5030,6,0
5031,0,0
5032,4,0
5033,0,0
5034,6,0
5035,0,0
5036,1,0
5037,2,0
5038,3,0
5039,4,0
5040,7,0
5041,8,0
5042,9,0
5043,0,0
5044,1,0
5045,2,0
5046,3,0
5047,4,0
5048,7,0
5049,8,0
5050,9,0
5051,0,0
5052,1,0
5053,2,0
5054,3,0
5055,4,0
5056,5,0
5057,6,0
5058,7,0
5059,8,0
5060,9,0
5061,8,0
5062,3,0
5063,4,0
5064,7,0
5065,8,0
5066,6,0
5067,3,0
5068,4,0
5069,0,0
5070,9,0
5071,7,0
5072,1,0
5073,9,0
5074,3,0
5075,8,0
5076,4,0
5077,7,0
5078,3,0
5079,0,0
5080,9,0
5081,1,0
5082,4,0
5083,5,0
5084,4,0
5085,6,0
5086,2,0
5087,0,0
5088,6,0
5089,2,0
5090,1,0
5091,1,0
5092,1,0
5093,1,0
5094,7,0
5095,2,0
5096,4,0
5097,7,0
5098,5,0
5099,2,0
5100,9,0
5101,4,0
5102,5,0
5103,8,0
5104,4,0
5105,2,0
5106,9,0
5107,7,0
5108,0,0
5109,0,0
5110,7,0
5111,5,0
5112,1,0
5113,1,0
5114,7,0
5115,6,0
5116,6,0
5117,6,0
5118,8,0
5119,2,0
5120,2,0
5121,7,0
5122,7,0
5123,4,0
5124,0,0
5125,2,0
5126,4,0
5127,2,0
5128,1,0
5129,8,0
5130,9,0
5131,6,0
5132,1,0
5133,0,0
5134,5,0
5135,9,0
5136,6,0
5137,9,0
5138,8,0
5139,0,0
5140,3,0
5141,0,0
5142,8,0
5143,3,0
5144,9,0
5145,6,0
5146,3,0
5147,0,0
5148,1,0
5149,2,7
5150,3,0
5151,4,0
5152,5,0
5153,6,9
5154,7,0
5155,0,0
5156,1,0
5157,2,0
5158,3,0
5159,4,0
5160,5,0
5161,6,9
5162,7,0
5163,8,0
5164,9,0
5165,0,0
5166,1,0
5167,2,9
5168,3,0
5169,4,0
5170,5,0
5171,6,0
5172,7,0
5173,8,0
5174,5,0
5175,4,0
5176,8,0
5177,7,0
5178,4,0
5179,7,0
5180,7,0
5181,3,0
5182,9,0
5183,8,0
5184,8,0
5185,3,0
5186,1,0
5187,5,0
5188,8,0
5189,2,0
5190,7,0
5191,4,0
5192,2,0
5193,1,0
5194,5,0
5195,4,0
5196,5,0
5197,5,0
5198,8,0
5199,6,9
5200,4,0
5201,4,0
5202,4,0
5203,1,0
5204,8,0
5205,7,0
5206,5,0
5207,5,0
5208,1,0
5209,8,0
5210,9,0
5211,1,0
5212,3,0
5213,6,0
5214,3,0
5215,3,0
5216,2,0
5217,2,0
5218,6,9
5219,9,0
5220,9,0
5221,6,9
5222,5,0
5223,5,0
5224,3,0
5225,3,0
5226,8,0
5227,1,0
5228,6,0
5229,5,0
5230,6,0
5231,8,0
5232,1,0
5233,9,0
5234,7,0
5235,6,9
5236,8,0
5237,3,0
5238,7,0
5239,4,0
5240,7,0
5241,0,0
5242,9,0
5243,0,0
5244,0,0
5245,3,0
5246,7,0
5247,9,0
5248,3,0
5249,0,0
5250,2,0
5251,0,0
5252,1,0
5253,0,0
5254,1,0
5255,0,0
5256,4,0
5257,0,0
5258,1,0
5259,0,0
5260,4,0
5261,7,0
5262,9,0
5263,6,0
5264,2,5
5265,6,0
5266,2,9
5267,2,0
5268,9,0
5269,9,0
5270,0,0
5271,1,0
5272,2,0
5273,3,0
5274,4,0
5275,5,0
5276,6,0
5277,7,0
5278,8,0
5279,9,0
5280,0,0
5281,1,0
5282,2,0
5283,3,0
5284,4,0
5285,5,0
5286,6,0
5287,7,0
5288,8,0
5289,9,0
5290,0,0
5291,1,0
5292,2,0
5293,3,0
5294,4,0
5295,5,0
5296,6,0
5297,7,0
5298,8,0
5299,9,0
5300,8,0
5301,0,0
5302,5,0
5303,6,0
5304,6,0
5305,0,0
5306,8,0
5307,0,0
5308,2,8
5309,3,0
5310,7,0
5311,9,0
5312,4,0
5313,7,0
5314,1,0
5315,9,0
5316,1,0
5317,7,0
5318,1,0
5319,4,0
5320,0,0
5321,0,0
5322,4,0
5323,1,0
5324,7,0
5325,5,0
5326,7,0
5327,1,0
5328,3,0
5329,3,0
5330,3,0
5331,1,0
5332,6,0
5333,9,0
5334,7,0
5335,4,0
5336,3,0
5337,0,0
5338,2,0
5339,5,0
5340,2,9
5341,6,0
5342,0,0
5343,8,0
5344,9,0
5345,4,0
5346,3,0
5347,5,0
5348,4,0
5349,8,0
5350,1,0
5351,5,0
5352,9,0
5353,0,0
5354,6,0
5355,4,0
5356,3,0
5357,6,0
5358,3,0
5359,3,0
5360,8,0
5361,1,0
5362,4,0
5363,7,0
5364,5,0
5365,7,0
5366,2,0
5367,2,0
5368,0,0
5369,0,0
5370,1,0
5371,7,0
5372,7,0
5373,9,0
5374,5,0
5375,9,0
5376,8,0
5377,9,0
5378,6,0
5379,8,0
5380,8,0
5381,2,8
5382,3,6
5383,6,9
5384,1,0
5385,2,5
5386,9,0
5387,8,0
5388,9,0
5389,5,0
5390,2,0
5391,6,0
5392,2,7
5393,4,0
5394,8,0
5395,4,0
5396,6,0
5397,5,0
5398,0,0
5399,1,0
5400,5,0
5401,6,0
5402,7,0
5403,8,0
5404,9,0
5405,0,0
5406,1,0
5407,2,0
5408,3,0
5409,4,0
5410,5,0
5411,6,9
5412,7,0
5413,8,0
5414,9,0
5415,0,0
5416,1,0
5417,2,0
5418,3,0
5419,4,0
5420,5,0
5421,6,0
5422,7,0
5423,8,0
5424,9,0
5425,7,0
5426,4,0
5427,2,0
5428,0,0
5429,9,0
5430,0,0
5431,1,0
5432,5,0
5433,8,0
5434,8,0
5435,0,0
5436,2,9
5437,7,0
5438,8,0
5439,4,0
5440,4,0
5441,6,0
5442,1,0
5443,0,0
5444,4,0
5445,5,0
5446,3,0
5447,9,0
5448,4,0
5449,2,0
5450,0,0
5451,5,0
5452,0,0
5453,1,0
5454,3,0
5455,2,9
5456,9,0
5457,1,0
5458,6,9
5459,0,0
5460,1,0
5461,1,0
5462,8,0
5463,0,0
5464,4,0
5465,7,0
5466,7,0
5467,6,0
5468,3,0
5469,6,0
5470,0,0
5471,7,0
5472,3,0
5473,5,0
5474,4,0
5475,2,9
5476,4,0
5477,1,0
5478,8,0
5479,3,0
5480,5,0
5481,6,9
5482,7,0
5483,0,0
5484,6,0
5485,7,0
5486,1,0
5487,2,0
5488,5,0
5489,8,0
5490,1,0
5491,9,0
5492,3,0
5493,8,0
5494,2,8
5495,8,0
5496,7,0
5497,6,0
5498,7,0
5499,1,0
5500,4,0
5501,6,0
5502,2,0
5503,9,0
5504,3,0
5505,0,0
5506,1,0
5507,2,9
5508,3,0
5509,4,0
5510,5,0
5511,6,9
5512,7,0
5513,0,0
5514,1,0
5515,2,8
5516,3,0
5517,4,0
5518,5,0
5519,0,0
5520,1,0
5521,2,9
5522,8,0
5523,9,0
5524,1,0
5525,4,0
5526,0,0
5527,9,0
5528,5,0
5529,0,0
5530,8,0
5531,0,0
5532,7,0
5533,7,0
5534,1,0
5535,1,0
5536,2,0
5537,9,0
5538,3,0
5539,6,0
5540,7,0
5541,2,0
5542,3,0
5543,8,0
5544,1,0
5545,2,0
5546,9,0
5547,8,0
5548,8,0
5549,7,0
5550,1,0
5551,7,0
5552,1,0
5553,1,0
5554,0,0
5555,3,0
5556,4,0
5557,2,0
5558,6,9
5559,4,0
5560,7,0
5561,4,0
5562,2,0
5563,7,0
5564,4,0
5565,9,0
5566,1,0
5567,0,0
5568,6,8
5569,8,0
5570,5,0
5571,5,0
5572,5,0
5573,3,0
5574,5,0
5575,9,0
5576,7,0
5577,4,0
5578,8,0
5579,5,0
5580,9,0
5581,6,9
5582,9,0
5583,3,0
5584,0,0
5585,3,0
5586,8,0
5587,9,0
5588,1,0
5589,8,0
5590,1,0
5591,6,0
5592,0,0
5593,0,0
5594,1,0
5595,2,9
5596,3,0
5597,4,0
5598,5,0
5599,6,9
5600,7,0
5601,8,0
5602,9,0
5603,0,0
5604,1,0
5605,2,0
5606,3,0
5607,4,0
5608,5,0
5609,6,9
5610,7,0
5611,8,0
5612,9,0
5613,0,0
5614,1,0
5615,2,0
5616,3,0
5617,4,0
5618,5,0
5619,6,9
5620,7,0
5621,8,0
5622,9,0
5623,3,0
5624,5,0
5625,3,0
5626,2,0
5627,9,0
5628,3,0
5629,2,0
5630,1,0
5631,4,0
5632,5,0
5633,5,0
5634,2,0
5635,3,0
5636,2,0
5637,1,0
5638,3,0
5639,9,0
5640,7,0
5641,2,0
5642,1,0
5643,2,0
5644,8,0
5645,9,0
5646,1,0
5647,8,0
5648,8,0
5649,7,0
5650,8,0
5651,1,0
5652,0,0
5653,0,0
5654,7,0
5655,7,0
5656,8,0
5657,7,0
5658,5,0
5659,0,0
5660,6,9
5661,1,0
5662,5,0
5663,7,0
5664,4,0
5665,6,9
5666,1,0
5667,2,0
5668,5,0
5669,0,0
5670,7,0
5671,9,0
5672,9,0
5673,0,0
5674,3,0
5675,8,0
5676,4,0
5677,4,0
5678,8,0
5679,1,0
5680,8,0
5681,6,9
5682,5,0
5683,9,0
5684,0,9
5685,0,0
5686,0,0
5687,3,0
5688,7,0
5689,1,0
5690,6,7
5691,4,0
5692,2,0
5693,6,9
5694,6,0
5695,0,0
5696,4,0
5697,5,0
5698,4,0
5699,1,0
5700,3,0
5701,8,0
5702,6,9
5703,3,0
5704,9,0
5705,9,0
5706,5,0
5707,9,0
5708,3,0
5709,7,0
5710,8,0
5711,5,0
5712,6,9
5713,4,0
5714,7,0
5715,6,9
5716,2,0
5717,2,0
5718,0,0
5719,9,0
5720,4,0
5721,0,0
5722,1,0
5723,2,0
5724,3,0
5725,4,0
5726,5,0
5727,6,9
5728,7,0
5729,8,0
5730,9,0
5731,0,0
5732,1,0
5733,2,0
5734,3,0
5735,5,0
5736,6,0
5737,0,0
5738,1,0
5739,2,0
5740,3,0
5741,4,0
5742,5,0
5743,6,0
5744,8,0
5745,7,0
5746,1,0
5747,3,0
5748,2,0
5749,8,0
5750,0,0
5751,7,0
5752,5,0
5753,9,0
5754,9,0
5755,6,0
5756,0,0
5757,9,0
5758,4,0
5759,1,0
5760,3,0
5761,2,9
5762,1,0
5763,2,9
5764,3,0
5765,8,0
5766,3,0
5767,2,9
5768,6,9
5769,5,0
5770,6,0
5771,8,0
5772,2,8
5773,7,0
5774,4,0
5775,8,0
5776,1,0
5777,8,0
5778,0,0
5779,5,0
5780,3,9
5781,9,0
5782,4,0
5783,1,0
5784,9,0
5785,2,7
5786,1,0
5787,9,0
5788,6,0
5789,7,0
5790,9,0
5791,0,0
5792,4,0
5793,6,0
5794,1,0
5795,7,0
5796,3,0
5797,8,0
5798,7,0
5799,2,5
5800,9,0
5801,6,0
5802,5,0
5803,8,0
5804,3,0
5805,9,0
5806,0,0
5807,5,0
5808,7,0
5809,1,0
5810,6,0
5811,1,0
5812,0,0
5813,9,0
5814,3,0
5815,3,3
5816,4,0
5817,4,0
5818,0,0
5819,6,0
5820,2,0
5821,5,0
5822,4,0
5823,2,0
5824,3,0
5825,4,0
5826,6,8
5827,0,0
5828,0,0
5829,2,7
5830,0,0
5831,1,0
5832,4,0
5833,5,0
5834,6,0
5835,7,0
5836,8,0
5837,9,0
5838,0,0
5839,1,0
5840,2,0
5841,3,7
5842,4,0
5843,5,0
5844,6,9
5845,7,0
5846,8,0
5847,0,0
5848,1,0
5849,2,0
5850,3,7
5851,4,0
5852,5,0
5853,6,0
5854,7,0
5855,8,0
5856,9,0
5857,8,0
5858,7,0
5859,1,0
5860,3,0
5861,7,0
5862,5,0
5863,2,0
5864,8,0
5865,0,0
5866,7,0
5867,5,0
5868,9,0
5869,9,0
5870,0,0
5871,9,0
5872,1,0
5873,1,0
5874,5,0
5875,8,0
5876,8,0
5877,6,9
5878,3,9
5879,2,5
5880,1,0
5881,8,0
5882,3,0
5883,2,0
5884,6,9
5885,5,0
5886,6,0
5887,7,0
5888,4,0
5889,1,0
5890,0,0
5891,5,9
5892,3,9
5893,1,0
5894,9,0
5895,2,0
5896,1,0
5897,9,0
5898,6,0
5899,0,0
5900,4,0
5901,6,0
5902,1,0
5903,7,0
5904,3,0
5905,8,0
5906,7,0
5907,2,0
5908,9,0
5909,6,0
5910,5,0
5911,8,0
5912,3,0
5913,5,0
5914,7,0
5915,1,0
5916,6,9
5917,1,0
5918,0,0
5919,9,0
5920,6,0
5921,2,0
5922,5,8
5923,4,0
5924,2,0
5925,3,0
5926,4,0
5927,4,0
5928,6,9
5929,0,0
5930,0,0
5931,2,0
5932,0,0
5933,1,0
5934,2,9
5935,3,0
5936,4,0
5937,5,0
5938,6,7
5939,7,0
5940,8,0
5941,9,0
5942,0,0
5943,1,0
5944,2,8
5945,3,0
5946,4,0
5947,5,0
5948,6,8
5949,7,0
5950,8,0
5951,9,0
5952,0,0
5953,1,0
5954,2,6
5955,3,0
5956,4,0
5957,5,0
5958,6,6
5959,7,0
5960,8,0
5961,9,0
5962,8,0
5963,6,8
5964,5,0
5965,0,8
5966,6,8
5967,8,0
5968,9,0
5969,4,0
5970,1,0
5971,9,0
5972,5,0
5973,3,0
5974,0,0
5975,4,0
5976,8,0
5977,9,0
5978,1,0
5979,4,0
5980,0,0
5981,5,0
5982,5,0
5983,2,9
5984,1,0
5985,5,0
5986,4,0
5987,0,0
5988,7,0
5989,6,0
5990,0,8
5991,1,0
5992,7,0
5993,0,0
5994,6,9
5995,8,0
5996,9,0
5997,5,0
5998,1,0
5999,7,0
6000,9,0
6001,8,0
6002,6,9
6003,0,9
6004,8,0
6005,1,0
6006,7,0
6007,7,0
6008,1,0
6009,3,0
6010,2,7
6011,3,0
6012,1,0
6013,4,0
6014,2,6
6015,0,0
6016,0,9
6017,7,0
6018,8,0
6019,4,0
6020,6,9
6021,4,0
6022,9,0
6023,3,0
6024,8,0
6025,4,0
6026,7,0
6027,2,0
6028,5,0
6029,6,9
6030,3,0
6031,6,8
6032,9,0
6033,6,0
6034,3,0
6035,2,0
6036,2,8
6037,4,0
6038,6,7
6039,9,0
6040,0,0
6041,2,8
6042,5,0
6043,5,0
6044,1,0
6045,3,0
6046,3,0
6047,9,0
6048,7,0
6049,8,0
6050,7,0
6051,2,0
6052,2,8
6053,5,0
6054,7,0
6055,9,0
6056,8,0
6057,2,9
6058,1,0
6059,3,0
6060,1,0
6061,3,0
6062,0,0
6063,1,0
6064,2,8
6065,3,0
6066,4,0
6067,5,0
6068,6,7
6069,7,0
6070,8,0
6071,9,0
6072,0,0
6073,1,0
6074,2,0
6075,3,0
6076,4,0
6077,5,0
6078,6,9
6079,7,0
6080,8,0
6081,9,0
6082,0,0
6083,1,0
6084,2,0
6085,3,0
6086,4,0
6087,5,0
6088,6,0
6089,7,0
6090,8,0
6091,9,0
6092,1,0
6093,2,0
6094,6,0
6095,5,0
6096,3,0
6097,0,0
6098,7,0
6099,0,0
6100,4,0
6101,1,0
6102,4,0
6103,3,0
6104,6,0
6105,7,0
6106,2,0
6107,3,0
6108,1,0
6109,2,0
6110,1,0
6111,2,0
6112,9,0
6113,6,0
6114,0,0
6115,1,0
6116,3,0
6117,0,0
6118,2,0
6119,7,0
6120,5,0
6121,7,0
6122,6,0
6123,2,8
6124,9,0
6125,1,0
6126,9,0
6127,0,0
6128,6,8
6129,0,0
6130,6,9
6131,0,0
6132,2,0
6133,0,0
6134,6,0
6135,1,0
6136,5,0
6137,8,0
6138,4,0
6139,3,0
6140,0,0
6141,1,0
6142,5,0
6143,4,0
6144,4,0
6145,8,0
6146,5,0
6147,7,0
6148,5,0
6149,7,0
6150,8,0
6151,3,0
6152,4,0
6153,8,0
6154,8,0
6155,5,0
6156,2,7
6157,9,0
6158,7,0
6159,1,0
6160,3,0
6161,8,0
6162,1,0
6163,0,0
6164,7,0
6165,5,0
6166,9,0
6167,6,0
6168,9,0
6169,4,0
6170,7,0
6171,7,0
6172,9,0
6173,9,0
6174,3,0
6175,4,0
6176,4,0
6177,3,0
6178,8,0
6179,6,0
6180,2,0
6181,0,0
6182,1,0
6183,2,0
6184,3,0
6185,4,0
6186,5,0
6187,6,0
6188,7,0
6189,8,0
6190,9,0
6191,0,0
6192,1,0
6193,2,0
6194,3,0
6195,4,0
6196,5,0
6197,6,0
6198,7,0
6199,8,0
6200,9,0
6201,0,0
6202,1,0
6203,2,0
6204,3,0
6205,4,0
6206,5,0
6207,6,0
6208,7,0
6209,8,0
6210,9,0
6211,0,0
6212,8,0
6213,3,0
6214,9,0
6215,5,0
6216,5,0
6217,2,0
6218,6,9
6219,8,0
6220,4,0
6221,9,0
6222,1,0
6223,7,0
6224,1,0
6225,2,0
6226,3,0
6227,5,0
6228,9,0
6229,6,0
6230,9,0
6231,1,0
6232,1,0
6233,1,0
6234,2,0
6235,9,0
6236,5,0
6237,6,0
6238,8,0
6239,1,0
6240,2,0
6241,0,0
6242,7,0
6243,7,0
6244,5,0
6245,8,0
6246,2,0
6247,9,0
6248,8,0
6249,9,0
6250,0,0
6251,4,0
6252,6,0
6253,7,0
6254,1,0
6255,3,0
6256,4,0
6257,5,0
6258,6,0
6259,0,0
6260,3,0
6261,6,0
6262,8,0
6263,7,0
6264,0,0
6265,4,0
6266,2,0
6267,7,0
6268,4,0
6269,7,0
6270,5,0
6271,4,0
6272,3,0
6273,4,0
6274,2,0
6275,8,0
6276,1,0
6277,5,0
6278,1,0
6279,2,0
6280,0,0
6281,2,0
6282,5,0
6283,6,0
6284,4,0
6285,3,0
6286,0,0
6287,0,0
6288,0,0
6289,3,0
6290,3,0
6291,5,0
6292,7,0
6293,0,0
6294,6,0
6295,4,0
6296,8,0
6297,8,0
6298,6,0
6299,3,8
6300,4,0
6301,6,0
6302,9,0
6303,9,0
6304,8,0
6305,2,0
6306,7,0
6307,7,0
6308,1,0
6309,0,0
6310,1,0
6311,2,0
6312,3,0
6313,4,0
6314,5,0
6315,6,9
6316,7,0
6317,8,0
6318,9,0
6319,0,0
6320,1,0
6321,2,6
6322,3,9
6323,4,0
6324,5,0
6325,6,9
6326,7,0
6327,8,0
6328,0,0
6329,1,0
6330,2,0
6331,3,9
6332,4,0
6333,5,0
6334,6,0
6335,7,0
6336,8,0
6337,2,0
6338,1,0
6339,7,0
6340,2,9
6341,5,0
6342,0,0
6343,8,0
6344,0,0
6345,2,8
6346,7,0
6347,8,0
6348,8,0
6349,3,0
6350,6,9
6351,0,0
6352,2,9
6353,7,0
6354,6,9
6355,6,0
6356,1,0
6357,2,9
6358,8,0
6359,8,0
6360,7,0
6361,7,0
6362,4,0
6363,7,0
6364,7,0
6365,3,0
6366,7,0
6367,4,0
6368,5,0
6369,4,0
6370,3,0
6371,3,0
6372,8,0
6373,4,0
6374,1,0
6375,1,0
6376,9,0
6377,7,0
6378,4,0
6379,3,0
6380,7,0
6381,3,0
6382,3,0
6383,0,0
6384,2,8
6385,5,0
6386,5,0
6387,6,9
6388,6,0
6389,3,7
6390,5,0
6391,2,9
6392,5,0
6393,9,0
6394,9,0
6395,8,0
6396,4,0
6397,1,0
6398,0,0
6399,6,9
6400,0,0
6401,9,0
6402,6,9
6403,8,0
6404,8,0
6405,5,0
6406,6,9
6407,1,0
6408,1,0
6409,9,0
6410,8,0
6411,9,0
6412,2,6
6413,3,0
6414,5,0
6415,5,0
6416,9,0
6417,4,0
6418,2,0
6419,1,0
6420,9,0
6421,3,8
6422,9,0
6423,2,9
6424,0,0
6425,6,8
6426,0,0
6427,4,0
6428,0,0
6429,0,0
6430,1,0
6431,2,0
6432,3,0
6433,4,0
6434,7,0
6435,8,0
6436,9,0
6437,0,0
6438,1,0
6439,2,0
6440,3,0
6441,7,0
6442,8,0
6443,9,0
6444,0,0
6445,1,0
6446,2,0
6447,3,0
6448,4,0
6449,7,0
6450,8,0
6451,9,0
6452,7,0
6453,3,0
6454,0,0
6455,3,0
6456,1,0
6457,8,0
6458,7,0
6459,6,0
6460,4,0
6461,0,0
6462,2,0
6463,6,0
6464,8,0
6465,3,0
6466,2,0
6467,8,0
6468,1,0
6469,2,0
6470,0,0
6471,7,0
6472,1,0
6473,0,0
6474,4,0
6475,4,0
6476,5,0
6477,8,0
6478,0,0
6479,6,0
6480,2,0
6481,3,0
6482,1,0
6483,5,0
6484,1,0
6485,8,0
6486,5,0
6487,9,0
6488,4,0
6489,0,0
6490,7,0
6491,5,0
6492,8,0
6493,8,0
6494,3,0
6495,8,0
6496,9,0
6497,2,0
6498,6,0
6499,2,0
6500,5,0
6501,3,0
6502,1,0
6503,7,0
6504,3,0
6505,9,0
6506,1,0
6507,9,0
6508,9,0
6509,6,0
6510,0,0
6511,3,0
6512,9,0
6513,2,0
6514,8,0
6515,1,0
6516,4,0
6517,3,0
6518,5,0
6519,2,0
6520,9,0
6521,2,0
6522,5,0
6523,8,0
6524,9,0
6525,5,0
6526,0,0
6527,1,0
6528,2,0
6529,4,0
6530,5,0
6531,6,0
6532,0,0
6533,1,0
6534,2,0
6535,3,0
6536,4,0
6537,5,0
6538,6,0
6539,7,0
6540,1,0
6541,2,8
6542,3,0
6543,4,0
6544,5,0
6545,1,0
6546,0,0
6547,4,0
6548,5,0
6549,6,9
6550,6,0
6551,3,0
6552,4,0
6553,4,0
6554,2,0
6555,8,0
6556,1,0
6557,0,0
6558,6,0
6559,4,0
6560,9,0
6561,7,0
6562,2,9
6563,3,0
6564,3,0
6565,9,0
6566,2,0
6567,0,0
6568,9,0
6569,3,0
6570,3,0
6571,9,0
6572,1,0
6573,5,0
6574,2,3
6575,3,0
6576,7,8
6577,7,0
6578,8,0
6579,4,0
6580,0,0
6581,2,4
6582,4,0
6583,0,0
6584,2,9
6585,4,0
6586,7,0
6587,8,0
6588,0,0
6589,7,0
6590,0,0
6591,6,8
6592,9,0
6593,3,0
6594,2,0
6595,8,0
6596,6,9
6597,0,0
6598,5,0
6599,7,0
6600,5,0
6601,1,0
6602,0,0
6603,8,0
6604,1,0
6605,6,0
6606,7,0
6607,2,0
6608,9,0
6609,7,0
6610,9,0
6611,5,0
6612,8,0
6613,6,9
6614,2,0
6615,6,8
6616,2,9
6617,8,0
6618,1,0
6619,7,0
6620,5,0
6621,0,0
6622,1,0
6623,1,0
6624,3,0
6625,8,0
6626,4,0
6627,9,0
6628,1,0
6629,8,0
6630,6,0
6631,8,0
6632,9,0
6633,0,0
6634,1,0
6635,2,0
6636,3,0
6637,4,0
6638,5,0
6639,6,0
6640,7,0
6641,8,0
6642,9,0
6643,0,0
6644,1,0
6645,2,0
6646,3,0
6647,4,0
6648,7,0
6649,8,0
6650,9,0
6651,0,0
6652,1,0
6653,7,0
6654,8,0
6655,9,0
6656,9,0
6657,8,0
6658,9,0
6659,8,0
6660,4,0
6661,1,0
6662,7,0
6663,7,0
6664,3,0
6665,3,0
6666,7,0
6667,6,0
6668,6,0
6669,6,0
6670,1,0
6671,9,0
6672,0,0
6673,1,0
6674,7,0
6675,6,0
6676,3,0
6677,2,0
6678,1,0
6679,7,0
6680,1,0
6681,3,0
6682,9,0
6683,1,0
6684,7,0
6685,6,0
6686,8,0
6687,4,0
6688,1,0
6689,4,0
6690,3,0
6691,6,0
6692,9,0
6693,6,0
6694,1,0
6695,4,0
6696,4,0
6697,7,0
6698,2,0
6699,4,0
6700,4,0
6701,0,0
6702,1,0
6703,2,0
6704,3,0
6705,4,0
6706,5,0
6707,6,0
6708,7,0
6709,8,0
6710,9,0
6711,0,0
6712,1,0
6713,2,0
6714,3,0
6715,4,0
6716,5,0
6717,6,0
6718,9,0
6719,0,0
6720,1,0
6721,2,0
6722,3,0
6723,4,0
6724,7,0
6725,8,0
6726,1,0
6727,3,0
6728,5,0
6729,1,0
6730,7,0
6731,7,0
6732,2,0
6733,1,0
6734,4,0
6735,8,0
6736,3,0
6737,4,0
6738,4,0
6739,3,0
6740,9,0
6741,7,0
6742,4,0
6743,1,0
6744,2,0
6745,3,0
6746,5,0
6747,9,0
6748,1,0
6749,6,0
6750,0,0
6751,1,0
6752,0,0
6753,0,0
6754,2,0
6755,8,0
6756,7,0
6757,1,0
6758,1,0
6759,4,0
6760,0,0
6761,4,0
6762,7,0
6763,3,0
6764,6,0
6765,8,0
6766,0,0
6767,3,0
6768,7,0
6769,4,0
6770,0,0
6771,6,0
6772,9,0
6773,2,0
6774,6,0
6775,5,0
6776,8,0
6777,6,0
6778,9,0
6779,0,0
6780,4,0
6781,0,0
6782,6,0
6783,1,0
6784,9,0
6785,2,0
6786,0,0
6787,9,0
6788,5,0
6789,1,0
6790,3,0
6791,7,0
6792,6,0
6793,9,0
6794,3,0
6795,0,0
6796,2,0
6797,2,0
6798,0,0
6799,1,0
6800,2,9
6801,3,0
6802,4,0
6803,5,0
6804,6,9
6805,7,0
6806,8,0
6807,9,0
6808,0,0
6809,1,0
6810,2,6
6811,3,7
6812,4,0
6813,5,0
6814,6,8
6815,7,0
6816,8,0
6817,9,0
6818,0,0
6819,1,0
6820,2,0
6821,3,7
6822,4,0
6823,5,0
6824,6,9
6825,7,0
6826,8,0
6827,9,0
6828,2,8
6829,1,0
6830,7,0
6831,2,0
6832,5,0
6833,0,0
6834,8,0
6835,0,0
6836,2,6
6837,7,0
6838,8,0
6839,8,0
6840,3,7
6841,0,0
6842,6,9
6843,0,0
6844,2,0
6845,7,0
6846,6,9
6847,6,0
6848,1,0
6849,2,8
6850,8,0
6851,8,0
6852,7,0
6853,7,0
6854,4,0
6855,7,0
6856,7,0
6857,3,0
6858,7,0
6859,4,0
6860,5,0
6861,4,0
6862,3,0
6863,3,8
6864,8,0
6865,4,0
6866,5,0
6867,4,0
6868,1,0
6869,1,0
6870,9,0
6871,7,0
6872,4,0
6873,3,9
6874,7,0
6875,3,0
6876,3,7
6877,0,0
6878,2,8
6879,5,0
6880,5,0
6881,6,9
6882,3,0
6883,1,0
6884,5,0
6885,2,8
6886,5,0
6887,9,0
6888,9,0
6889,8,0
6890,4,0
6891,1,0
6892,0,0
6893,6,7
6894,0,0
6895,9,0
6896,6,9
6897,8,0
6898,8,0
6899,5,0
6900,6,9
6901,1,0
6902,1,0
6903,9,0
6904,8,0
6905,9,0
6906,2,7
6907,3,8
6908,5,0
6909,5,0
6910,9,0
6911,4,0
6912,2,0
6913,1,0
6914,9,0
6915,4,0
6916,9,0
6917,1,0
6918,3,0
6919,9,0
6920,2,9
6921,0,0
6922,6,0
6923,0,0
6924,4,0
6925,0,0
6926,6,9
6927,0,0
6928,1,0
6929,2,0
6930,3,0
6931,4,0
6932,5,0
6933,6,0
6934,7,0
6935,8,0
6936,9,0
6937,0,0
6938,1,0
6939,2,0
6940,3,0
6941,4,0
6942,5,0
6943,6,0
6944,7,0
6945,8,0
6946,9,0
6947,0,0
6948,1,0
6949,2,0
6950,3,0
6951,4,0
6952,5,0
6953,6,0
6954,7,0
6955,8,0
6956,9,0
6957,3,0
6958,8,0
6959,0,0
6960,7,0
6961,1,0
6962,0,0
6963,7,0
6964,5,0
6965,5,0
6966,6,0
6967,9,0
6968,0,0
6969,1,0
6970,0,0
6971,0,0
6972,8,0
6973,3,9
6974,4,0
6975,3,0
6976,1,0
6977,5,0
6978,0,0
6979,0,0
6980,9,0
6981,5,0
6982,3,0
6983,4,0
6984,9,0
6985,3,0
6986,7,0
6987,6,0
6988,9,0
6989,2,0
6990,4,0
6991,5,0
6992,7,0
6993,2,0
6994,6,0
6995,4,0
6996,9,0
6997,4,0
6998,9,0
6999,4,0
7000,1,0
7001,2,0
7002,2,0
7003,5,0
7004,8,0
7005,1,0
7006,3,0
7007,2,0
7008,9,0
7009,4,0
7010,3,0
7011,8,0
7012,2,0
7013,2,0
7014,1,0
7015,2,0
7016,8,0
7017,6,9
7018,5,0
7019,1,0
7020,6,9
7021,7,0
7022,2,0
7023,1,0
7024,3,0
7025,9,0
7026,3,0
7027,8,0
7028,7,0
7029,5,0
7030,7,0
7031,0,0
7032,7,0
7033,4,0
7034,8,0
7035,8,0
7036,5,0
7037,0,0
7038,6,9
7039,6,0
7040,3,0
7041,7,0
7042,6,0
7043,9,0
7044,9,0
7045,4,0
7046,8,0
7047,4,0
7048,1,0
7049,0,0
7050,6,0
7051,6,0
7052,0,0
7053,1,0
7054,2,0
7055,3,0
7056,4,0
7057,5,0
7058,6,0
7059,7,0
7060,8,0
7061,9,0
7062,0,0
7063,1,0
7064,2,0
7065,3,0
7066,4,0
7067,5,0
7068,6,0
7069,7,0
7070,8,0
7071,9,0
7072,0,0
7073,1,0
7074,2,0
7075,3,0
7076,4,0
7077,5,0
7078,6,0
7079,7,0
7080,8,0
7081,9,0
7082,7,0
7083,4,0
7084,0,0
7085,4,0
7086,0,0
7087,1,0
7088,7,0
7089,9,0
7090,5,0
7091,1,0
7092,4,0
7093,2,0
7094,8,0
7095,9,0
7096,4,0
7097,3,0
7098,7,0
7099,8,0
7100,2,0
7101,4,0
7102,4,0
7103,3,0
7104,3,0
7105,6,0
7106,9,0
7107,9,0
7108,5,0
7109,8,0
7110,6,0
7111,7,0
7112,0,0
7113,6,0
7114,8,0
7115,2,0
7116,6,0
7117,3,0
7118,9,0
7119,3,0
7120,2,0
7121,8,0
7122,6,0
7123,1,0
7124,7,0
7125,4,0
7126,8,0
7127,8,0
7128,9,0
7129,0,0
7130,3,0
7131,3,0
7132,9,0
7133,0,0
7134,5,0
7135,2,0
7136,9,0
7137,4,0
7138,1,0
7139,0,0
7140,3,0
7141,7,0
7142,5,0
7143,8,0
7144,7,0
7145,7,0
7146,8,0
7147,2,0
7148,9,0
7149,7,0
7150,1,0
7151,2,0
7152,6,0
7153,4,0
7154,2,0
7155,5,0
7156,2,0
7157,3,0
7158,6,0
7159,6,0
7160,5,0
7161,0,0
7162,0,0
7163,2,0
7164,8,0
7165,1,0
7166,6,0
7167,1,0
7168,0,0
7169,4,0
7170,3,0
7171,1,0
7172,6,0
7173,1,0
7174,9,0
7175,0,0
7176,1,0
7177,4,0
7178,5,0
7179,6,0
7180,7,0
7181,8,0
7182,9,0
7183,1,0
7184,2,0
7185,3,0
7186,4,0
7187,5,0
7188,6,0
7189,7,0
7190,0,0
7191,1,0
7192,2,0
7193,3,0
7194,4,0
7195,5,0
7196,6,0
7197,7,0
7198,8,0
7199,9,0
7200,8,0
7201,4,0
7202,0,0
7203,0,0
7204,7,0
7205,2,0
7206,4,0
7207,3,0
7208,8,0
7209,6,0
7210,6,0
7211,3,0
7212,2,0
7213,6,0
7214,3,0
7215,3,0
7216,0,0
7217,1,0
7218,4,0
7219,7,0
7220,8,0
7221,0,0
7222,3,0
7223,1,0
7224,9,0
7225,0,0
7226,1,0
7227,9,0
7228,1,0
7229,2,0
7230,7,0
7231,0,0
7232,1,0
7233,3,0
7234,8,0
7235,2,0
7236,9,0
7237,2,0
7238,7,0
7239,6,0
7240,5,0
7241,5,0
7242,9,0
7243,9,0
7244,8,0
7245,2,0
7246,9,0
7247,1,0
7248,3,0
7249,2,0
7250,3,0
7251,4,0
7252,3,0
7253,1,0
7254,9,0
7255,0,0
7256,9,0
7257,3,0
7258,6,0
7259,8,0
7260,7,0
7261,0,0
7262,1,0
7263,0,0
7264,5,0
7265,8,0
7266,2,0
7267,7,0
7268,7,0
7269,0,0
7270,1,0
7271,2,0
7272,3,0
7273,4,0
7274,5,0
7275,6,0
7276,7,0
7277,8,0
7278,9,0
7279,0,5
7280,1,0
7281,2,0
7282,3,0
7283,4,0
7284,5,0
7285,6,0
7286,7,0
7287,8,0
7288,9,0
7289,0,0
7290,1,0
7291,2,0
7292,3,0
7293,4,0
7294,5,0
7295,6,9
7296,7,0
7297,8,0
7298,9,0
7299,1,0
7300,7,0
7301,4,0
7302,8,0
7303,1,0
7304,5,0
7305,6,0
7306,5,0
7307,7,0
7308,2,9
7309,8,0
7310,6,0
7311,3,0
7312,3,0
7313,8,0
7314,6,9
7315,5,0
7316,4,0
7317,0,0
7318,9,0
7319,1,0
7320,7,0
7321,2,0
7322,9,0
7323,1,0
7324,5,0
7325,1,0
7326,3,0
7327,2,9
7328,2,0
7329,3,0
7330,0,0
7331,6,0
7332,4,0
7333,3,0
7334,7,0
7335,6,0
7336,9,0
7337,0,0
7338,4,0
7339,8,0
7340,1,0
7341,4,0
7342,0,0
7343,6,0
7344,1,0
7345,2,0
7346,6,0
7347,9,0
7348,2,0
7349,2,0
7350,3,0
7351,5,0
7352,5,0
7353,1,0
7354,0,0
7355,7,0
7356,7,0
7357,9,0
7358,6,0
7359,2,0
7360,9,0
7361,4,0
7362,7,0
7363,0,0
7364,2,0
7365,3,0
7366,4,0
7367,0,0
7368,0,0
7369,8,0
7370,8,0
7371,8,0
7372,5,0
7373,1,0
7374,3,0
7375,7,0
7376,4,0
7377,9,0
7378,8,0
7379,8,0
7380,9,0
7381,0,0
7382,9,0
7383,8,0
7384,9,0
7385,0,0
7386,2,0
7387,6,0
7388,5,0
7389,6,9
7390,7,0
7391,4,0
7392,7,0
7393,5,0
7394,4,0
7395,1,0
7396,3,0
7397,5,0
7398,3,0
7399,1,0
7400,2,0
7401,3,0
7402,4,0
7403,5,0
7404,6,0
7405,1,0
7406,2,0
7407,3,0
7408,4,0
7409,6,0
7410,0,0
7411,1,0
7412,2,0
7413,4,0
7414,5,0
7415,6,0
7416,7,0
7417,8,0
7418,1,0
7419,7,0
7420,2,0
7421,4,0
7422,1,0
7423,4,0
7424,1,0
7425,4,0
7426,9,0
7427,6,0
7428,8,0
7429,4,0
7430,5,2
7431,3,0
7432,7,0
7433,8,0
7434,4,0
7435,3,0
7436,3,0
7437,5,0
7438,6,0
7439,7,0
7440,0,0
7441,6,0
7442,1,0
7443,6,0
7444,8,0
7445,7,0
7446,0,0
7447,1,0
7448,5,0
7449,0,0
7450,8,0
7451,5,0
7452,0,0
7453,1,0
7454,5,0
7455,8,0
7456,4,0
7457,2,0
7458,3,0
7459,9,0
7460,7,0
7461,6,0
7462,9,0
7463,1,0
7464,9,0
7465,0,0
7466,6,0
7467,7,0
7468,1,0
7469,2,0
7470,3,0
7471,9,0
7472,2,0
7473,4,0
7474,5,0
7475,5,0
7476,3,0
7477,7,0
7478,5,0
7479,3,0
7480,1,0
7481,8,0
7482,2,0
7483,2,0
7484,3,0
7485,0,0
7486,2,0
7487,9,0
7488,4,0
7489,9,0
7490,7,0
7491,0,0
7492,2,0
7493,7,0
7494,4,0
7495,9,0
7496,9,0
7497,2,0
7498,5,0
7499,9,0
7500,8,0
7501,3,0
7502,8,0
7503,6,0
7504,7,0
7505,0,0
7506,0,0
7507,1,0
7508,2,0
7509,3,0
7510,4,0
7511,5,0
7512,6,0
7513,7,0
7514,8,0
7515,9,0
7516,0,0
7517,1,0
7518,2,0
7519,3,0
7520,4,0
7521,5,0
7522,6,0
7523,7,0
7524,8,0
7525,9,0
7526,0,0
7527,1,0
7528,2,0
7529,3,0
7530,4,0
7531,5,0
7532,6,0
7533,7,0
7534,8,0
7535,9,0
7536,0,0
7537,0,0
7538,7,0
7539,2,0
7540,6,0
7541,5,0
7542,5,0
7543,3,0
7544,7,0
7545,8,0
7546,6,0
7547,6,0
7548,6,0
7549,6,0
7550,4,0
7551,3,0
7552,8,0
7553,8,0
7554,3,0
7555,0,0
7556,1,0
7557,9,0
7558,0,0
7559,5,0
7560,4,0
7561,1,0
7562,9,0
7563,1,0
7564,2,0
7565,7,0
7566,0,0
7567,1,0
7568,3,0
7569,8,0
7570,2,0
7571,9,0
7572,2,0
7573,7,0
7574,4,0
7575,2,0
7576,6,0
7577,5,0
7578,5,0
7579,9,0
7580,9,0
7581,1,0
7582,1,0
7583,5,0
7584,7,0
7585,6,0
7586,8,0
7587,2,0
7588,9,0
7589,4,0
7590,3,0
7591,1,0
7592,9,0
7593,0,0
7594,9,0
7595,3,0
7596,6,0
7597,8,0
7598,7,0
7599,0,0
7600,1,0
7601,0,0
7602,5,0
7603,8,0
7604,2,0
7605,7,0
7606,7,0
7607,0,0
7608,1,0
7609,2,0
7610,3,0
7611,4,0
7612,5,0
7613,6,0
7614,7,0
7615,8,0
7616,9,0
7617,0,0
7618,1,0
7619,2,0
7620,3,0
7621,4,0
7622,5,0
7623,8,0
7624,9,0
7625,0,0
7626,1,0
7627,2,5
7628,3,0
7629,4,0
7630,5,0
7631,6,0
7632,7,0
7633,8,0
7634,9,0
7635,2,0
7636,1,0
7637,2,0
7638,1,0
7639,3,0
7640,9,0
7641,9,0
7642,8,0
7643,5,0
7644,3,0
7645,7,0
7646,0,0
7647,7,0
7648,7,0
7649,5,0
7650,7,0
7651,9,0
7652,9,0
7653,4,0
7654,7,0
7655,0,0
7656,3,0
7657,4,0
7658,1,0
7659,5,0
7660,8,0
7661,1,0
7662,4,0
7663,8,0
7664,4,0
7665,1,0
7666,8,0
7667,6,8
7668,6,9
7669,4,0
7670,6,0
7671,0,0
7672,5,0
7673,5,0
7674,3,0
7675,3,0
7676,5,0
7677,7,0
7678,2,9
7679,5,0
7680,9,0
7681,6,9
7682,9,0
7683,2,0
7684,6,0
7685,2,8
7686,1,0
7687,2,0
7688,0,9
7689,8,0
7690,3,0
7691,8,0
7692,3,0
7693,0,9
7694,8,0
7695,7,0
7696,4,0
7697,9,0
7698,5,0
7699,0,0
7700,9,0
7701,7,0
7702,0,0
7703,0,0
7704,4,0
7705,6,9
7706,0,0
7707,9,0
7708,1,0
7709,6,7
7710,2,0
7711,7,0
7712,6,8
7713,8,0
7714,3,0
7715,5,0
7716,2,8
7717,1,0
7718,8,0
7719,3,0
7720,8,0
7721,6,9
7722,1,0
7723,0,0
7724,2,9
7725,1,0
7726,4,0
7727,0,0
7728,1,0
7729,2,0
7730,3,0
7731,4,0
7732,5,0
7733,6,0
7734,7,0
7735,8,0
7736,9,0
7737,0,0
7738,1,0
7739,2,0
7740,3,0
7741,4,0
7742,5,0
7743,6,0
7744,7,0
7745,8,0
7746,9,0
7747,0,0
7748,1,0
7749,2,0
7750,3,0
7751,4,0
7752,5,0
7753,6,0
7754,7,0
7755,8,0
7756,9,0
7757,7,0
7758,6,0
7759,4,0
7760,7,0
7761,6,0
7762,2,0
7763,3,0
7764,4,0
7765,8,0
7766,7,0
7767,8,0
7768,6,0
7769,9,0
7770,8,0
7771,3,0
7772,2,0
7773,2,0
7774,8,0
7775,4,0
7776,8,0
7777,5,0
7778,6,0
7779,5,0
7780,0,0
7781,2,8
7782,0,0
7783,1,0
7784,1,0
7785,2,0
7786,9,0
7787,6,9
7788,8,0
7789,2,0
7790,1,0
7791,0,0
7792,6,9
7793,5,0
7794,2,0
7795,9,0
7796,7,0
7797,5,0
7798,3,0
7799,9,0
7800,3,8
7801,7,0
7802,1,0
7803,8,0
7804,3,0
7805,8,0
7806,1,0
7807,9,0
7808,5,0
7809,5,0
7810,0,0
7811,1,0
7812,1,0
7813,9,0
7814,8,0
7815,2,0
7816,6,0
7817,0,0
7818,4,0
7819,5,0
7820,0,0
7821,3,8
7822,1,0
7823,8,0
7824,6,0
7825,7,0
7826,5,0
7827,9,0
7828,9,0
7829,3,0
7830,0,0
7831,3,8
7832,1,0
7833,4,0
7834,4,0
7835,0,0
7836,4,0
7837,9,0
7838,0,0
7839,1,0
7840,2,0
7841,3,0
7842,5,0
7843,6,9
7844,7,0
7845,8,0
7846,0,0
7847,1,0
7848,2,0
7849,3,0
7850,5,0
7851,6,0
7852,7,0
7853,8,0
7854,9,0
7855,0,0
7856,1,0
7857,2,0
7858,3,0
7859,5,0
7860,6,0
7861,7,0
7862,8,0
7863,9,0
7864,9,0
7865,7,0
7866,0,0
7867,9,0
7868,0,0
7869,1,0
7870,5,0
7871,8,0
7872,8,0
7873,0,0
7874,9,0
7875,3,0
7876,2,0
7877,7,0
7878,8,0
7879,4,0
7880,6,0
7881,1,0
7882,0,0
7883,4,0
7884,9,0
7885,4,0
7886,2,0
7887,0,0
7888,5,0
7889,0,0
7890,1,0
7891,6,0
7892,9,0
7893,3,0
7894,2,0
7895,9,0
7896,1,0
7897,6,0
7898,0,0
7899,1,0
7900,1,0
7901,8,0
7902,7,0
7903,7,0
7904,6,0
7905,3,0
7906,6,0
7907,0,0
7908,7,0
7909,2,0
7910,4,0
7911,1,0
7912,7,0
7913,0,0
7914,6,0
7915,7,0
7916,1,0
7917,2,0
7918,5,0
7919,8,0
7920,1,0
7921,8,0
7922,2,0
7923,8,0
7924,7,0
7925,6,0
7926,8,0
7927,7,0
7928,1,0
7929,6,0
7930,2,0
7931,9,0
7932,3,0
7933,0,0
7934,1,0
7935,2,0
7936,3,0
7937,4,0
7938,5,0
7939,6,0
7940,7,0
7941,8,0
7942,9,0
7943,0,0
7944,1,0
7945,2,9
7946,3,0
7947,4,0
7948,5,0
7949,6,0
7950,7,0
7951,8,0
7952,9,0
7953,0,0
7954,1,0
7955,2,0
7956,3,0
7957,4,0
7958,5,0
7959,6,0
7960,7,0
7961,8,0
7962,9,0
7963,8,0
7964,9,0
7965,5,0
7966,7,0
7967,0,0
7968,3,0
7969,1,0
7970,6,0
7971,8,0
7972,4,0
7973,1,0
7974,5,0
7975,6,0
7976,4,0
7977,2,0
7978,7,0
7979,8,0
7980,1,0
7981,3,0
7982,4,0
7983,3,0
7984,4,0
7985,7,0
7986,2,9
7987,0,0
7988,5,0
7989,0,0
7990,1,0
7991,9,0
7992,2,0
7993,3,0
7994,2,0
7995,3,0
7996,5,0
7997,5,0
7998,7,0
7999,8,0
8000,4,0
8001,9,0
8002,9,0
8003,7,0
8004,1,0
8005,1,0
8006,9,0
8007,0,0
8008,7,0
8009,8,0
8010,3,0
8011,4,0
8012,8,0
8013,6,8
8014,3,7
8015,8,0
8016,0,0
8017,9,0
8018,6,0
8019,2,0
8020,1,0
8021,0,0
8022,1,0
8023,0,0
8024,6,0
8025,2,9
8026,3,0
8027,8,0
8028,9,0
8029,0,0
8030,7,0
8031,2,0
8032,3,0
8033,4,0
8034,5,0
8035,5,0
8036,2,9
8037,8,0
8038,5,0
8039,4,0
8040,6,9
8041,6,0
8042,6,0
8043,7,0
8044,9,0
8045,1,0
8046,8,0
8047,2,9
8048,1,0
8049,5,0
8050,3,0
8051,4,0
8052,7,0
8053,9,0
8054,4,0
8055,0,0
8056,0,0
8057,0,0
8058,1,0
8059,2,0
8060,3,0
8061,4,0
8062,5,0
8063,6,0
8064,7,0
8065,8,0
8066,9,0
8067,0,0
8068,1,0
8069,2,0
8070,3,0
8071,4,0
8072,5,0
8073,6,0
8074,7,0
8075,8,0
8076,9,0
8077,0,0
8078,1,0
8079,2,0
8080,3,0
8081,4,0
8082,5,0
8083,6,0
8084,9,0
8085,0,0
8086,1,0
8087,3,0
8088,1,0
8089,5,0
8090,1,0
8091,2,0
8092,4,0
8093,9,0
8094,2,0
8095,4,0
8096,6,0
8097,8,0
8098,0,0
8099,1,0
8100,1,0
8101,9,0
8102,2,0
8103,6,0
8104,6,0
8105,8,0
8106,7,0
8107,4,0
8108,2,0
8109,9,0
8110,7,0
8111,0,0
8112,2,0
8113,1,0
8114,0,0
8115,3,0
8116,6,0
8117,0,0
8118,1,0
8119,2,0
8120,3,0
8121,4,0
8122,5,0
8123,6,0
8124,7,0
8125,8,0
8126,9,0
8127,0,0
8128,1,0
8129,2,0
8130,3,0
8131,4,0
8132,5,0
8133,6,0
8134,7,0
8135,8,0
8136,9,0
8137,0,0
8138,1,0
8139,2,0
8140,3,0
8141,4,0
8142,5,0
8143,6,0
8144,7,0
8145,8,0
8146,9,0
8147,8,0
8148,6,0
8149,5,0
8150,9,0
8151,7,0
8152,0,0
8153,2,0
8154,3,0
8155,4,0
8156,3,0
8157,8,0
8158,5,0
8159,1,0
8160,5,0
8161,2,0
8162,3,0
8163,0,0
8164,1,0
8165,2,0
8166,1,0
8167,3,0
8168,2,0
8169,6,0
8170,5,0
8171,3,0
8172,0,0
8173,7,0
8174,2,0
8175,7,0
8176,4,0
8177,6,0
8178,4,0
8179,0,0
8180,5,0
8181,9,0
8182,9,0
8183,8,0
8184,9,0
8185,5,0
8186,3,0
8187,1,0
8188,7,0
8189,4,0
8190,7,0
8191,6,0
8192,5,0
8193,4,0
8194,0,0
8195,0,0
8196,6,0
8197,6,0
8198,2,0
8199,0,0
8200,6,0
8201,3,0
8202,7,0
8203,7,0
8204,4,0
8205,4,0
8206,3,0
8207,9,0
8208,2,0
8209,8,0
8210,9,0
8211,6,0
8212,0,0
8213,9,0
8214,5,0
8215,3,0
8216,8,0
8217,8,0
8218,7,0
8219,1,0
8220,4,0
8221,0,0
8222,4,0
8223,8,0
8224,5,0
8225,2,0
8226,3,0
8227,9,0
8228,0,0
8229,1,0
8230,9,0
8231,1,0
8232,5,0
8233,1,0
8234,7,0
8235,4,0
8236,8,0
8237,6,0
8238,2,0
8239,1,0
8240,6,0
8241,8,0
8242,8,0
8243,0,0
8244,1,0
8245,2,0
8246,3,0
8247,4,0
8248,7,0
8249,8,0
8250,9,0
8251,0,0
8252,1,0
8253,2,0
8254,3,0
8255,4,0
8256,6,0
8257,7,0
8258,8,0
8259,9,0
8260,0,0
8261,1,0
8262,2,0
8263,3,0
8264,4,0
8265,7,0
8266,8,0
8267,9,0
8268,1,0
8269,4,0
8270,5,0
8271,3,0
8272,3,0
8273,0,0
8274,9,0
8275,5,0
8276,4,0
8277,3,0
8278,0,0
8279,8,0
8280,4,0
8281,6,0
8282,7,0
8283,0,0
8284,7,0
8285,7,0
8286,1,0
8287,6,0
8288,9,0
8289,1,0
8290,3,0
8291,6,0
8292,2,0
8293,3,0
8294,8,0
8295,2,0
8296,3,0
8297,8,0
8298,9,0
8299,5,0
8300,8,0
8301,8,0
8302,7,0
8303,1,0
8304,7,0
8305,1,0
8306,1,0
8307,0,0
8308,3,0
8309,4,0
8310,2,0
8311,6,0
8312,4,0
8313,7,0
8314,4,0
8315,2,0
8316,7,0
8317,4,0
8318,2,0
8319,9,0
8320,2,0
8321,7,0
8322,9,0
8323,2,0
8324,1,0
8325,0,0
8326,6,0
8327,5,0
8328,3,0
8329,4,0
8330,8,0
8331,5,0
8332,9,0
8333,6,0
8334,9,0
8335,0,0
8336,6,0
8337,3,0
8338,0,0
8339,8,0
8340,1,0
8341,6,0
8342,0,0
8343,0,0
8344,1,0
8345,2,0
8346,3,0
8347,4,0
8348,5,0
8349,6,0
8350,7,0
8351,0,0
8352,1,0
8353,2,0
8354,3,0
8355,4,0
8356,7,0
8357,8,0
8358,9,0
8359,0,0
8360,1,0
8361,2,0
8362,3,0
8363,4,0
8364,7,0
8365,2,0
8366,5,0
8367,1,0
8368,6,0
8369,4,0
8370,3,0
8371,9,0
8372,9,0
8373,0,0
8374,9,0
8375,7,0
8376,1,0
8377,6,0
8378,4,0
8379,3,0
8380,6,0
8381,2,0
8382,0,0
8383,9,0
8384,8,0
8385,6,0
8386,5,0
8387,7,0
8388,0,0
8389,0,0
8390,1,0
8391,7,0
8392,4,0
8393,3,0
8394,2,0
8395,4,0
8396,1,0
8397,3,0
8398,7,0
8399,6,0
8400,4,0
8401,7,0
8402,7,0
8403,7,0
8404,9,0
8405,8,0
8406,4,0
8407,3,0
8408,8,0
8409,2,0
8410,8,0
8411,3,0
8412,5,0
8413,8,0
8414,0,0
8415,5,0
8416,4,0
8417,7,0
8418,1,0
8419,3,0
8420,1,0
8421,7,0
8422,9,0
8423,6,0
8424,2,0
8425,0,0
8426,9,0
8427,1,0
8428,7,0
8429,3,0
8430,3,0
8431,9,0
8432,1,0
8433,6,0
8434,4,0
8435,3,0
8436,9,0
8437,8,0
8438,2,0
8439,1,0
8440,8,0
8441,6,0
8442,4,0
8443,1,0
8444,5,0
8445,5,0
8446,6,0
8447,5,0
8448,0,0
8449,1,0
8450,2,0
8451,3,0
8452,4,0
8453,5,0
8454,6,9
8455,7,0
8456,8,0
8457,9,0
8458,0,0
8459,1,0
8460,2,8
8461,3,0
8462,4,0
8463,5,0
8464,6,9
8465,7,0
8466,8,0
8467,9,0
8468,0,0
8469,1,0
8470,2,8
8471,3,0
8472,4,0
8473,5,0
8474,6,0
8475,7,0
8476,8,0
8477,9,0
8478,6,9
8479,9,0
8480,7,0
8481,0,0
8482,2,7
8483,3,0
8484,4,0
8485,3,0
8486,8,0
8487,5,0
8488,1,0
8489,3,0
8490,0,0
8491,1,0
8492,2,0
8493,1,0
8494,3,0
8495,2,9
8496,0,0
8497,7,0
8498,2,9
8499,6,9
8500,4,0
8501,0,0
8502,5,0
8503,9,0
8504,9,0
8505,8,0
8506,9,0
8507,5,0
8508,3,0
8509,1,0
8510,7,0
8511,4,0
8512,7,0
8513,0,0
8514,0,0
8515,6,9
8516,6,9
8517,6,8
8518,3,0
8519,7,0
8520,4,0
8521,2,0
8522,8,0
8523,9,0
8524,8,0
8525,7,0
8526,1,0
8527,4,0
8528,0,0
8529,4,0
8530,8,0
8531,5,0
8532,2,8
8533,3,9
8534,9,0
8535,0,0
8536,1,0
8537,9,0
8538,1,0
8539,5,0
8540,1,0
8541,7,0
8542,6,0
8543,1,0
8544,2,0
8545,1,0
8546,6,0
8547,8,0
8548,0,0
8549,1,0
8550,2,0
8551,3,0
8552,4,0
8553,5,0
8554,6,9
8555,7,0
8556,8,0
8557,9,0
8558,0,0
8559,1,0
8560,2,0
8561,3,0
8562,4,0
8563,5,0
8564,6,0
8565,7,0
8566,8,0
8567,0,0
8568,1,0
8569,2,0
8570,3,0
8571,5,0
8572,6,8
8573,7,0
8574,8,0
8575,1,0
8576,0,0
8577,4,0
8578,5,0
8579,6,9
8580,6,9
8581,3,0
8582,4,0
8583,4,0
8584,2,0
8585,8,0
8586,1,0
8587,0,0
8588,6,9
8589,4,0
8590,9,0
8591,7,0
8592,2,0
8593,9,0
8594,2,0
8595,0,0
8596,9,0
8597,3,0
8598,3,0
8599,9,0
8600,1,0
8601,5,0
8602,2,0
8603,3,0
8604,1,0
8605,6,9
8606,7,0
8607,3,0
8608,7,0
8609,8,0
8610,4,0
8611,0,0
8612,2,9
8613,4,0
8614,0,0
8615,2,0
8616,4,0
8617,7,0
8618,8,0
8619,0,0
8620,7,0
8621,0,0
8622,6,0
8623,9,0
8624,3,0
8625,2,0
8626,4,0
8627,8,0
8628,6,9
8629,0,0
8630,5,0
8631,7,0
8632,5,0
8633,1,0
8634,0,0
8635,8,0
8636,1,0
8637,6,6
8638,7,0
8639,2,0
8640,9,0
8641,7,0
8642,9,0
8643,5,0
8644,6,0
8645,5,0
8646,2,9
8647,6,9
8648,2,0
8649,8,0
8650,1,0
8651,7,0
8652,5,0
8653,5,0
8654,7,0
8655,3,0
8656,5,0
8657,0,0
8658,1,0
8659,1,0
8660,3,0
8661,8,0
8662,4,0
8663,9,0
8664,4,0
8665,5,0
8666,1,0
8667,8,0
8668,6,9
8669,8,0
8670,9,0
8671,0,0
8672,1,0
8673,2,0
8674,3,0
8675,4,0
8676,5,0
8677,6,0
8678,7,0
8679,8,0
8680,9,0
8681,0,0
8682,1,0
8683,2,0
8684,3,0
8685,4,0
8686,5,0
8687,6,0
8688,7,0
8689,8,0
8690,9,0
8691,0,0
8692,1,0
8693,2,0
8694,3,0
8695,4,0
8696,5,0
8697,6,0
8698,7,0
8699,8,0
8700,9,0
8701,3,0
8702,5,0
8703,3,0
8704,2,0
8705,9,0
8706,3,0
8707,2,0
8708,1,0
8709,4,0
8710,5,0
8711,5,0
8712,2,0
8713,3,0
8714,2,0
8715,1,0
8716,3,0
8717,9,0
8718,7,0
8719,2,0
8720,1,0
8721,2,9
8722,8,0
8723,9,0
8724,1,0
8725,8,0
8726,8,0
8727,7,0
8728,8,0
8729,1,0
8730,0,0
8731,0,0
8732,6,9
8733,7,0
8734,7,0
8735,8,0
8736,7,0
8737,5,0
8738,0,0
8739,6,0
8740,1,0
8741,5,0
8742,7,0
8743,4,0
8744,6,0
8745,1,0
8746,2,0
8747,5,0
8748,0,0
8749,7,0
8750,9,0
8751,9,0
8752,0,0
8753,3,0
8754,4,0
8755,4,0
8756,8,0
8757,4,0
8758,1,0
8759,8,0
8760,6,0
8761,5,0
8762,9,0
8763,0,0
8764,0,0
8765,0,0
8766,3,9
8767,7,0
8768,1,0
8769,6,0
8770,4,0
8771,6,0
8772,0,0
8773,4,0
8774,5,0
8775,4,0
8776,1,0
8777,3,0
8778,8,0
8779,6,0
8780,3,0
8781,9,0
8782,9,0
8783,5,0
8784,9,0
8785,3,0
8786,7,0
8787,8,0
8788,5,0
8789,6,0
8790,4,0
8791,7,0
8792,6,0
8793,2,0
8794,2,0
8795,0,0
8796,9,0
8797,4,0
8798,0,0
8799,1,0
8800,2,0
8801,3,0
8802,4,0
8803,5,0
8804,6,0
8805,7,0
8806,8,0
8807,9,0
8808,0,0
8809,1,0
8810,2,0
8811,3,0
8812,4,0
8813,5,0
8814,6,0
8815,7,0
8816,8,0
8817,9,0
8818,0,0
8819,1,0
8820,2,0
8821,3,0
8822,4,0
8823,5,0
8824,6,0
8825,7,0
8826,8,0
8827,9,0
8828,6,0
8829,4,0
8830,2,0
8831,6,0
8832,4,0
8833,7,0
8834,5,0
8835,5,0
8836,4,0
8837,7,0
8838,2,0
8839,9,0
8840,3,0
8841,9,0
8842,3,0
8843,8,0
8844,2,0
8845,0,0
8846,9,0
8847,5,0
8848,6,0
8849,0,0
8850,1,0
8851,0,0
8852,6,0
8853,5,0
8854,3,0
8855,5,0
8856,3,0
8857,8,0
8858,0,0
8859,0,0
8860,3,0
8861,4,0
8862,1,0
8863,5,0
8864,3,0
8865,0,0
8866,8,0
8867,3,9
8868,0,0
8869,6,0
8870,2,0
8871,7,0
8872,8,0
8873,1,0
8874,7,0
8875,1,0
8876,3,0
8877,8,0
8878,5,0
8879,4,0
8880,2,0
8881,0,0
8882,9,0
8883,7,0
8884,6,0
8885,7,0
8886,4,0
8887,1,0
8888,6,0
8889,2,0
8890,6,0
8891,7,0
8892,1,0
8893,9,0
8894,8,0
8895,0,0
8896,6,0
8897,9,0
8898,4,0
8899,9,0
8900,9,0
8901,6,0
8902,2,0
8903,3,0
8904,7,0
8905,1,0
8906,9,0
8907,2,0
8908,2,0
8909,5,0
8910,3,0
8911,7,0
8912,8,0
8913,0,0
8914,1,0
8915,2,0
8916,3,0
8917,4,0
8918,7,0
8919,8,0
8920,9,0
8921,0,0
8922,1,0
8923,2,0
8924,3,0
8925,4,0
8926,7,0
8927,8,0
8928,9,0
8929,0,0
8930,1,0
8931,7,0
8932,8,0
8933,9,0
8934,8,0
8935,9,0
8936,2,0
8937,6,0
8938,1,0
8939,3,0
8940,5,0
8941,4,0
8942,8,0
8943,2,0
8944,6,0
8945,4,0
8946,3,0
8947,4,0
8948,5,0
8949,9,0
8950,2,0
8951,0,0
8952,3,0
8953,9,0
8954,4,0
8955,9,0
8956,7,0
8957,3,0
8958,8,0
8959,7,0
8960,4,0
8961,4,0
8962,9,0
8963,8,0
8964,5,0
8965,8,0
8966,2,0
8967,6,0
8968,6,0
8969,2,0
8970,3,0
8971,1,0
8972,3,0
8973,2,0
8974,7,0
8975,3,0
8976,1,0
8977,9,0
8978,0,0
8979,1,0
8980,1,0
8981,3,0
8982,5,0
8983,0,0
8984,7,0
8985,8,0
8986,1,0
8987,5,0
8988,1,0
8989,4,0
8990,6,0
8991,0,0
8992,0,0
8993,4,0
8994,9,0
8995,1,0
8996,6,0
8997,6,0
8998,9,0
8999,0,0
9000,7,0
9001,6,0
9002,1,0
9003,1,0
9004,0,0
9005,1,0
9006,2,0
9007,3,0
9008,4,0
9009,7,0
9010,2,0
9011,3,0
9012,4,0
9013,5,0
9014,6,0
9015,7,0
9016,0,0
9017,1,0
9018,2,0
9019,7,0
9020,8,0
9021,6,0
9022,3,0
9023,9,0
9024,7,0
9025,1,0
9026,9,0
9027,3,0
9028,9,0
9029,6,0
9030,1,0
9031,7,0
9032,2,0
9033,4,0
9034,4,0
9035,5,0
9036,7,0
9037,0,0
9038,0,0
9039,1,0
9040,6,0
9041,6,0
9042,8,0
9043,2,0
9044,7,0
9045,7,0
9046,2,0
9047,4,0
9048,2,0
9049,1,0
9050,6,0
9051,1,0
9052,0,0
9053,6,0
9054,9,0
9055,8,0
9056,3,8
9057,9,0
9058,6,0
9059,3,0
9060,0,0
9061,1,0
9062,2,0
9063,3,0
9064,4,0
9065,5,0
9066,6,9
9067,7,0
9068,8,0
9069,9,0
9070,0,0
9071,1,0
9072,2,0
9073,3,0
9074,4,0
9075,5,0
9076,6,0
9077,7,0
9078,8,0
9079,9,0
9080,0,0
9081,1,0
9082,2,0
9083,3,0
9084,4,0
9085,5,0
9086,6,9
9087,7,0
9088,8,0
9089,9,0
9090,1,0
9091,6,0
9092,8,0
9093,9,0
9094,9,0
9095,0,0
9096,1,0
9097,2,7
9098,4,0
9099,4,0
9100,3,0
9101,7,0
9102,4,0
9103,4,0
9104,4,0
9105,0,0
9106,3,0
9107,8,0
9108,7,0
9109,5,0
9110,8,0
9111,2,9
9112,1,0
9113,7,0
9114,5,0
9115,3,0
9116,8,0
9117,5,0
9118,2,0
9119,5,0
9120,1,0
9121,1,0
9122,6,0
9123,2,0
9124,1,0
9125,3,0
9126,8,0
9127,6,0
9128,4,0
9129,2,0
9130,6,0
9131,2,0
9132,5,0
9133,5,0
9134,0,0
9135,2,8
9136,8,0
9137,0,0
9138,6,0
9139,8,0
9140,1,0
9141,7,0
9142,9,0
9143,1,0
9144,9,0
9145,2,9
9146,6,0
9147,7,0
9148,6,0
9149,6,0
9150,8,0
9151,7,0
9152,4,0
9153,9,0
9154,2,0
9155,1,0
9156,3,9
9157,3,0
9158,0,0
9159,5,0
9160,5,0
9161,8,0
9162,0,0
9163,3,0
9164,7,0
9165,9,0
9166,7,0
9167,0,0
9168,2,0
9169,7,0
9170,9,0
9171,1,0
9172,7,0
9173,8,0
9174,0,0
9175,3,7
9176,5,0
9177,3,0
9178,6,9
9179,0,0
9180,1,0
9181,2,0
9182,3,0
9183,4,0
9184,5,0
9185,6,0
9186,7,0
9187,8,0
9188,9,0
9189,0,0
9190,1,0
9191,2,0
9192,3,0
9193,4,0
9194,5,0
9195,6,0
9196,7,0
9197,8,0
9198,9,0
9199,0,0
9200,1,0
9201,2,0
9202,3,0
9203,4,0
9204,7,0
9205,8,0
9206,9,0
9207,6,0
9208,4,0
9209,2,0
9210,6,0
9211,4,0
9212,7,0
9213,8,0
9214,9,0
9215,2,0
9216,9,0
9217,3,0
9218,9,0
9219,3,0
9220,0,0
9221,0,0
9222,1,0
9223,0,0
9224,4,0
9225,2,0
9226,6,0
9227,3,0
9228,5,0
9229,3,0
9230,0,0
9231,3,0
9232,4,0
9233,1,0
9234,5,0
9235,3,0
9236,0,0
9237,8,0
9238,3,0
9239,0,0
9240,6,0
9241,1,0
9242,7,0
9243,8,0
9244,0,0
9245,9,0
9246,2,0
9247,6,0
9248,7,0
9249,1,0
9250,9,0
9251,6,0
9252,9,0
9253,4,0
9254,9,0
9255,9,0
9256,6,0
9257,7,0
9258,1,0
9259,2,0
9260,5,0
9261,3,0
9262,7,0
9263,8,0
9264,0,0
9265,1,0
9266,2,9
9267,4,0
9268,5,0
9269,6,0
9270,7,0
9271,8,0
9272,9,0
9273,0,0
9274,1,0
9275,3,0
9276,4,0
9277,5,0
9278,6,9
9279,7,0
9280,8,0
9281,0,0
9282,1,0
9283,3,0
9284,4,0
9285,7,0
9286,8,0
9287,9,0
9288,7,0
9289,5,0
9290,5,0
9291,1,0
9292,9,0
9293,9,0
9294,7,0
9295,1,0
9296,0,0
9297,0,0
9298,5,0
9299,9,0
9300,7,0
9301,1,0
9302,7,0
9303,2,0
9304,2,7
9305,3,0
9306,6,8
9307,8,0
9308,3,0
9309,2,9
9310,0,0
9311,0,0
9312,6,0
9313,1,0
9314,7,0
9315,5,0
9316,8,0
9317,6,9
9318,2,9
9319,9,0
9320,4,0
9321,8,0
9322,8,0
9323,7,0
9324,1,0
9325,0,0
9326,8,0
9327,7,0
9328,7,0
9329,5,0
9330,8,0
9331,5,0
9332,3,0
9333,4,0
9334,6,0
9335,1,0
9336,1,0
9337,5,0
9338,5,0
9339,0,0
9340,7,0
9341,2,0
9342,3,9
9343,6,0
9344,4,0
9345,1,0
9346,2,0
9347,4,0
9348,1,0
9349,5,0
9350,4,0
9351,2,8
9352,0,0
9353,4,0
9354,8,0
9355,6,9
9356,1,0
9357,9,0
9358,0,0
9359,2,9
9360,5,0
9361,6,0
9362,9,0
9363,3,0
9364,6,0
9365,3,0
9366,6,0
9367,0,0
9368,1,0
9369,2,0
9370,3,0
9371,4,0
9372,5,0
9373,6,9
9374,7,0
9375,8,0
9376,9,0
9377,0,0
9378,1,0
9379,2,0
9380,3,0
9381,4,0
9382,5,0
9383,6,9
9384,7,0
9385,8,0
9386,9,0
9387,0,0
9388,1,0
9389,2,0
9390,3,0
9391,5,0
9392,6,9
9393,7,0
9394,8,0
9395,1,0
9396,0,0
9397,9,0
9398,5,0
9399,7,0
9400,5,0
9401,1,0
9402,8,0
9403,6,0
9404,9,0
9405,0,9
9406,4,0
9407,1,0
9408,9,0
9409,3,0
9410,8,0
9411,4,0
9412,4,0
9413,7,0
9414,0,0
9415,1,0
9416,9,0
9417,2,0
9418,8,0
9419,7,0
9420,8,0
9421,2,0
9422,5,9
9423,9,0
9424,6,0
9425,0,0
9426,6,0
9427,5,0
9428,5,0
9429,3,0
9430,3,0
9431,3,0
9432,9,0
9433,8,0
9434,1,0
9435,1,0
9436,0,0
9437,6,0
9438,1,0
9439,0,0
9440,0,0
9441,6,9
9442,2,0
9443,1,0
9444,1,0
9445,3,0
9446,2,0
9447,7,0
9448,7,0
9449,8,0
9450,8,0
9451,7,0
9452,8,0
9453,4,0
9454,6,0
9455,0,0
9456,2,0
9457,0,0
9458,7,0
9459,0,0
9460,3,0
9461,6,9
9462,8,0
9463,7,0
9464,1,0
9465,5,0
9466,9,0
9467,9,0
9468,3,0
9469,7,0
9470,2,0
9471,4,0
9472,9,0
9473,4,0
9474,3,0
9475,6,9
9476,2,0
9477,2,0
9478,5,0
9479,3,0
9480,2,0
9481,5,0
9482,5,0
9483,9,0
9484,4,0
9485,1,0
9486,7,0
9487,2,9
9488,0,0
9489,1,0
9490,2,0
9491,3,0
9492,4,0
9493,5,0
9494,6,5
9495,7,0
9496,8,0
9497,9,0
9498,0,0
9499,1,0
9500,2,0
9501,3,0
9502,4,0
9503,5,0
9504,6,9
9505,7,0
9506,8,0
9507,9,0
9508,0,0
9509,1,0
9510,2,0
9511,3,0
9512,4,0
9513,5,0
9514,6,9
9515,7,0
9516,8,0
9517,9,0
9518,1,0
9519,0,0
9520,1,0
9521,2,0
9522,7,0
9523,5,0
9524,3,0
9525,4,0
9526,4,0
9527,0,0
9528,0,0
9529,6,9
9530,9,0
9531,6,0
9532,6,0
9533,5,0
9534,7,0
9535,2,0
9536,3,0
9537,4,0
9538,4,0
9539,9,0
9540,1,0
9541,4,0
9542,0,0
9543,7,0
9544,9,0
9545,5,0
9546,7,0
9547,2,0
9548,3,0
9549,1,0
9550,4,0
9551,4,0
9552,0,0
9553,9,0
9554,9,0
9555,6,9
9556,1,0
9557,8,0
9558,3,0
9559,3,0
9560,7,0
9561,3,0
9562,9,0
9563,8,0
9564,8,0
9565,4,0
9566,7,0
9567,7,0
9568,6,9
9569,2,5
9570,1,0
9571,9,0
9572,8,0
9573,7,0
9574,8,0
9575,8,0
9576,7,0
9577,2,0
9578,2,0
9579,3,0
9580,9,0
9581,3,0
9582,3,9
9583,5,0
9584,5,0
9585,0,0
9586,7,0
9587,9,0
9588,5,0
9589,6,0
9590,5,0
9591,1,0
9592,4,0
9593,1,0
9594,1,0
9595,2,0
9596,8,0
9597,2,0
9598,6,0
9599,1,0
9600,5,0
9601,0,0
9602,1,0
9603,2,0
9604,3,0
9605,4,0
9606,5,0
9607,6,0
9608,7,0
9609,8,0
9610,9,0
9611,0,0
9612,1,0
9613,2,0
9614,3,0
9615,4,0
9616,5,0
9617,6,0
9618,7,0
9619,8,0
9620,9,0
9621,0,0
9622,1,0
9623,2,0
9624,3,0
9625,4,0
9626,5,0
9627,6,0
9628,7,0
9629,8,0
9630,8,0
9631,0,0
9632,6,0
9633,0,0
9634,0,0
9635,2,9
9636,3,0
9637,7,0
9638,9,0
9639,4,0
9640,7,0
9641,1,0
9642,9,0
9643,1,0
9644,7,0
9645,1,0
9646,4,0
9647,0,0
9648,0,0
9649,1,0
9650,7,0
9651,5,0
9652,7,0
9653,1,0
9654,3,0
9655,3,0
9656,3,0
9657,1,0
9658,6,0
9659,9,0
9660,7,0
9661,1,0
9662,3,0
9663,0,0
9664,2,0
9665,6,0
9666,0,0
9667,8,0
9668,9,0
9669,4,0
9670,3,0
9671,5,0
9672,4,0
9673,8,0
9674,1,0
9675,5,0
9676,9,0
9677,0,0
9678,6,0
9679,6,0
9680,3,0
9681,8,0
9682,1,0
9683,4,0
9684,7,0
9685,5,0
9686,2,0
9687,0,0
9688,0,0
9689,1,0
9690,7,0
9691,8,0
9692,9,0
9693,6,0
9694,8,0
9695,8,0
9696,2,0
9697,3,0
9698,6,0
9699,1,0
9700,2,0
9701,9,0
9702,5,0
9703,2,0
9704,0,0
9705,1,0
9706,2,0
9707,3,0
9708,4,0
9709,5,0
9710,6,0
9711,7,0
9712,8,0
9713,9,0
9714,0,0
9715,1,0
9716,2,0
9717,3,0
9718,4,0
9719,5,0
9720,6,0
9721,7,0
9722,8,0
9723,9,0
9724,0,0
9725,1,0
9726,2,0
9727,3,0
9728,4,0
9729,5,0
9730,6,0
9731,7,0
9732,8,0
9733,9,0
9734,7,0
9735,4,0
9736,6,0
9737,1,0
9738,4,0
9739,0,0
9740,9,0
9741,9,0
9742,3,0
9743,7,0
9744,8,0
9745,4,0
9746,7,0
9747,5,0
9748,8,0
9749,5,0
9750,3,0
9751,2,0
9752,2,0
9753,0,0
9754,5,0
9755,8,0
9756,6,0
9757,0,0
9758,3,0
9759,8,0
9760,1,0
9761,0,0
9762,3,0
9763,0,0
9764,4,0
9765,7,0
9766,4,0
9767,9,0
9768,2,0
9769,9,0
9770,5,0
9771,7,0
9772,1,0
9773,7,0
9774,1,0
9775,6,0
9776,6,0
9777,5,0
9778,6,0
9779,2,0
9780,8,0
9781,7,0
9782,6,0
9783,4,0
9784,9,0
9785,9,0
9786,5,0
9787,3,0
9788,7,0
9789,4,0
9790,3,0
9791,0,0
9792,4,0
9793,6,0
9794,6,0
9795,1,0
9796,1,0
9797,3,0
9798,2,0
9799,1,0
9800,0,0
9801,0,0
9802,1,0
9803,2,0
9804,3,0
9805,4,0
9806,7,0
9807,8,0
9808,9,0
9809,0,0
9810,1,0
9811,2,0
9812,3,0
9813,4,0
9814,5,0
9815,6,0
9816,7,0
9817,8,0
9818,0,0
9819,1,0
9820,2,0
9821,3,0
9822,4,0
9823,7,0
9824,8,0
9825,9,0
9826,0,0
9827,8,0
9828,3,0
9829,9,0
9830,5,0
9831,5,0
9832,2,0
9833,6,0
9834,8,0
9835,4,0
9836,1,0
9837,7,0
9838,1,0
9839,2,0
9840,3,0
9841,5,0
9842,6,0
9843,9,0
9844,1,0
9845,1,0
9846,1,0
9847,2,0
9848,1,0
9849,2,0
9850,0,0
9851,7,0
9852,7,0
9853,5,0
9854,8,0
9855,2,0
9856,9,0
9857,8,0
9858,6,0
9859,7,0
9860,3,0
9861,4,0
9862,6,0
9863,8,0
9864,7,0
9865,0,0
9866,4,0
9867,2,0
9868,7,0
9869,7,0
9870,5,0
9871,4,0
9872,3,0
9873,4,0
9874,2,0
9875,8,0
9876,1,0
9877,5,0
9878,1,0
9879,0,0
9880,2,0
9881,3,0
9882,3,0
9883,5,0
9884,7,0
9885,0,0
9886,6,0
9887,8,0
9888,6,0
9889,3,0
9890,9,0
9891,9,0
9892,8,0
9893,2,0
9894,7,0
9895,7,0
9896,1,0
9897,0,0
9898,1,0
9899,7,0
9900,8,0
9901,9,0
9902,0,0
9903,1,0
9904,2,0
9905,3,0
9906,4,0
9907,5,0
9908,6,0
9909,7,0
9910,8,0
9911,0,0
9912,1,0
9913,2,0
9914,3,0
9915,4,0
9916,7,0
9917,8,0
9918,9,0
9919,7,0
9920,8,0
9921,6,0
9922,4,0
9923,1,0
9924,9,0
9925,3,0
9926,8,0
9927,4,0
9928,4,0
9929,7,0
9930,0,0
9931,1,0
9932,9,0
9933,2,0
9934,8,0
9935,7,0
9936,8,0
9937,2,0
9938,6,0
9939,0,0
9940,6,0
9941,5,0
9942,3,0
9943,3,0
9944,3,0
9945,9,0
9946,1,0
9947,4,0
9948,0,0
9949,6,0
9950,1,0
9951,0,0
9952,0,0
9953,6,0
9954,2,0
9955,1,0
9956,1,0
9957,7,0
9958,7,0
9959,8,0
9960,4,0
9961,6,0
9962,0,0
9963,7,0
9964,0,0
9965,3,0
9966,6,0
9967,8,0
9968,7,0
9969,1,0
9970,5,0
9971,2,0
9972,4,0
9973,9,0
9974,4,0
9975,3,0
9976,6,0
9977,4,0
9978,1,0
9979,7,0
9980,2,0
9981,6,0
9982,5,0
9983,0,0
9984,1,0
9985,2,0
9986,3,0
9987,4,0
9988,5,0
9989,6,0
9990,7,0
9991,8,0
9992,9,0
9993,0,0
9994,1,0
9995,2,0
9996,3,0
9997,4,0
9998,5,0
9999,6,0
